file_name,full_path
HHTrack.dta,/Users/HP/Downloads/TP3_Groupe17_GUEBEDIANG_Kadidja_RIRADJIM_Trésor/data_unzipped/NGA_2012_GHSP-W2_v02_M_STATA/HHTrack.dta
HHTrack.dta,/Users/HP/Downloads/TP3_Groupe17_GUEBEDIANG_Kadidja_RIRADJIM_Trésor/data_unzipped/NGA_2015_GHSP-W3_v02_M_Stata/HHTrack.dta
NGA_HouseholdGeovariables_Y1.dta,/Users/HP/Downloads/TP3_Groupe17_GUEBEDIANG_Kadidja_RIRADJIM_Trésor/data_unzipped/NGA_2010_GHSP-W1_v03_M_STATA/Geodata/NGA_HouseholdGeovariables_Y1.dta
NGA_HouseholdGeovars_Y2.dta,/Users/HP/Downloads/TP3_Groupe17_GUEBEDIANG_Kadidja_RIRADJIM_Trésor/data_unzipped/NGA_2012_GHSP-W2_v02_M_STATA/Geodata Wave 2/NGA_HouseholdGeovars_Y2.dta
NGA_HouseholdGeovars_Y3.dta,/Users/HP/Downloads/TP3_Groupe17_GUEBEDIANG_Kadidja_RIRADJIM_Trésor/data_unzipped/NGA_2015_GHSP-W3_v02_M_Stata/NGA_HouseholdGeovars_Y3.dta
NGA_PlotGeovariables_Y1.dta,/Users/HP/Downloads/TP3_Groupe17_GUEBEDIANG_Kadidja_RIRADJIM_Trésor/data_unzipped/NGA_2010_GHSP-W1_v03_M_STATA/Geodata/NGA_PlotGeovariables_Y1.dta
NGA_PlotGeovariables_Y2.dta,/Users/HP/Downloads/TP3_Groupe17_GUEBEDIANG_Kadidja_RIRADJIM_Trésor/data_unzipped/NGA_2012_GHSP-W2_v02_M_STATA/Geodata Wave 2/NGA_PlotGeovariables_Y2.dta
NGA_PlotGeovariables_Y3.dta,/Users/HP/Downloads/TP3_Groupe17_GUEBEDIANG_Kadidja_RIRADJIM_Trésor/data_unzipped/NGA_2015_GHSP-W3_v02_M_Stata/NGA_PlotGeovariables_Y3.dta
PTrack.dta,/Users/HP/Downloads/TP3_Groupe17_GUEBEDIANG_Kadidja_RIRADJIM_Trésor/data_unzipped/NGA_2012_GHSP-W2_v02_M_STATA/PTrack.dta
PTrack.dta,/Users/HP/Downloads/TP3_Groupe17_GUEBEDIANG_Kadidja_RIRADJIM_Trésor/data_unzipped/NGA_2015_GHSP-W3_v02_M_Stata/PTrack.dta
ag_conv_w3.dta,/Users/HP/Downloads/TP3_Groupe17_GUEBEDIANG_Kadidja_RIRADJIM_Trésor/data_unzipped/NGA_2015_GHSP-W3_v02_M_Stata/ag_conv_w3.dta
aux_harvestw4.dta,/Users/HP/Downloads/TP3_Groupe17_GUEBEDIANG_Kadidja_RIRADJIM_Trésor/data_unzipped/NGA_2018_GHSP-W4_v03_M_Stata12/aux_harvestw4.dta
aux_plantingw4.dta,/Users/HP/Downloads/TP3_Groupe17_GUEBEDIANG_Kadidja_RIRADJIM_Trésor/data_unzipped/NGA_2018_GHSP-W4_v03_M_Stata12/aux_plantingw4.dta
cons_agg_wave1_visit1.dta,/Users/HP/Downloads/TP3_Groupe17_GUEBEDIANG_Kadidja_RIRADJIM_Trésor/data_unzipped/NGA_2010_GHSP-W1_v03_M_STATA/cons_agg_wave1_visit1.dta
cons_agg_wave1_visit2.dta,/Users/HP/Downloads/TP3_Groupe17_GUEBEDIANG_Kadidja_RIRADJIM_Trésor/data_unzipped/NGA_2010_GHSP-W1_v03_M_STATA/cons_agg_wave1_visit2.dta
cons_agg_wave2_visit1.dta,/Users/HP/Downloads/TP3_Groupe17_GUEBEDIANG_Kadidja_RIRADJIM_Trésor/data_unzipped/NGA_2012_GHSP-W2_v02_M_STATA/cons_agg_wave2_visit1.dta
cons_agg_wave2_visit2.dta,/Users/HP/Downloads/TP3_Groupe17_GUEBEDIANG_Kadidja_RIRADJIM_Trésor/data_unzipped/NGA_2012_GHSP-W2_v02_M_STATA/cons_agg_wave2_visit2.dta
cons_agg_wave3_visit1.dta,/Users/HP/Downloads/TP3_Groupe17_GUEBEDIANG_Kadidja_RIRADJIM_Trésor/data_unzipped/NGA_2015_GHSP-W3_v02_M_Stata/cons_agg_wave3_visit1.dta
cons_agg_wave3_visit2.dta,/Users/HP/Downloads/TP3_Groupe17_GUEBEDIANG_Kadidja_RIRADJIM_Trésor/data_unzipped/NGA_2015_GHSP-W3_v02_M_Stata/cons_agg_wave3_visit2.dta
food_conv_w2ph.dta,/Users/HP/Downloads/TP3_Groupe17_GUEBEDIANG_Kadidja_RIRADJIM_Trésor/data_unzipped/NGA_2012_GHSP-W2_v02_M_STATA/food_conv_w2ph.dta
food_conv_w2pp.dta,/Users/HP/Downloads/TP3_Groupe17_GUEBEDIANG_Kadidja_RIRADJIM_Trésor/data_unzipped/NGA_2012_GHSP-W2_v02_M_STATA/food_conv_w2pp.dta
food_conv_w3.dta,/Users/HP/Downloads/TP3_Groupe17_GUEBEDIANG_Kadidja_RIRADJIM_Trésor/data_unzipped/NGA_2015_GHSP-W3_v02_M_Stata/food_conv_w3.dta
nga_householdgeovars_y4.dta,/Users/HP/Downloads/TP3_Groupe17_GUEBEDIANG_Kadidja_RIRADJIM_Trésor/data_unzipped/NGA_2018_GHSP-W4_v03_M_Stata12/nga_householdgeovars_y4.dta
nga_plotgeovariables_y4.dta,/Users/HP/Downloads/TP3_Groupe17_GUEBEDIANG_Kadidja_RIRADJIM_Trésor/data_unzipped/NGA_2018_GHSP-W4_v03_M_Stata12/nga_plotgeovariables_y4.dta
sect10_plantingw1.dta,/Users/HP/Downloads/TP3_Groupe17_GUEBEDIANG_Kadidja_RIRADJIM_Trésor/data_unzipped/NGA_2010_GHSP-W1_v03_M_STATA/Post Planting Wave 1/Household/sect10_plantingw1.dta
sect10_plantingw2.dta,/Users/HP/Downloads/TP3_Groupe17_GUEBEDIANG_Kadidja_RIRADJIM_Trésor/data_unzipped/NGA_2012_GHSP-W2_v02_M_STATA/Post Planting Wave 2/Household/sect10_plantingw2.dta
sect10a_harvestw1.dta,/Users/HP/Downloads/TP3_Groupe17_GUEBEDIANG_Kadidja_RIRADJIM_Trésor/data_unzipped/NGA_2010_GHSP-W1_v03_M_STATA/Post Harvest Wave 1/Household/sect10a_harvestw1.dta
sect10a_harvestw2.dta,/Users/HP/Downloads/TP3_Groupe17_GUEBEDIANG_Kadidja_RIRADJIM_Trésor/data_unzipped/NGA_2012_GHSP-W2_v02_M_STATA/Post Harvest Wave 2/Household/sect10a_harvestw2.dta
sect10a_harvestw3.dta,/Users/HP/Downloads/TP3_Groupe17_GUEBEDIANG_Kadidja_RIRADJIM_Trésor/data_unzipped/NGA_2015_GHSP-W3_v02_M_Stata/sect10a_harvestw3.dta
sect10a_harvestw4.dta,/Users/HP/Downloads/TP3_Groupe17_GUEBEDIANG_Kadidja_RIRADJIM_Trésor/data_unzipped/NGA_2018_GHSP-W4_v03_M_Stata12/sect10a_harvestw4.dta
sect10b_harvestw1.dta,/Users/HP/Downloads/TP3_Groupe17_GUEBEDIANG_Kadidja_RIRADJIM_Trésor/data_unzipped/NGA_2010_GHSP-W1_v03_M_STATA/Post Harvest Wave 1/Household/sect10b_harvestw1.dta
sect10b_harvestw2.dta,/Users/HP/Downloads/TP3_Groupe17_GUEBEDIANG_Kadidja_RIRADJIM_Trésor/data_unzipped/NGA_2012_GHSP-W2_v02_M_STATA/Post Harvest Wave 2/Household/sect10b_harvestw2.dta
sect10b_harvestw3.dta,/Users/HP/Downloads/TP3_Groupe17_GUEBEDIANG_Kadidja_RIRADJIM_Trésor/data_unzipped/NGA_2015_GHSP-W3_v02_M_Stata/sect10b_harvestw3.dta
sect10b_harvestw4.dta,/Users/HP/Downloads/TP3_Groupe17_GUEBEDIANG_Kadidja_RIRADJIM_Trésor/data_unzipped/NGA_2018_GHSP-W4_v03_M_Stata12/sect10b_harvestw4.dta
sect10c_harvestw1.dta,/Users/HP/Downloads/TP3_Groupe17_GUEBEDIANG_Kadidja_RIRADJIM_Trésor/data_unzipped/NGA_2010_GHSP-W1_v03_M_STATA/Post Harvest Wave 1/Household/sect10c_harvestw1.dta
sect10c_harvestw2.dta,/Users/HP/Downloads/TP3_Groupe17_GUEBEDIANG_Kadidja_RIRADJIM_Trésor/data_unzipped/NGA_2012_GHSP-W2_v02_M_STATA/Post Harvest Wave 2/Household/sect10c_harvestw2.dta
sect10c_harvestw3.dta,/Users/HP/Downloads/TP3_Groupe17_GUEBEDIANG_Kadidja_RIRADJIM_Trésor/data_unzipped/NGA_2015_GHSP-W3_v02_M_Stata/sect10c_harvestw3.dta
sect10c_harvestw4.dta,/Users/HP/Downloads/TP3_Groupe17_GUEBEDIANG_Kadidja_RIRADJIM_Trésor/data_unzipped/NGA_2018_GHSP-W4_v03_M_Stata12/sect10c_harvestw4.dta
sect10ca_harvestw1.dta,/Users/HP/Downloads/TP3_Groupe17_GUEBEDIANG_Kadidja_RIRADJIM_Trésor/data_unzipped/NGA_2010_GHSP-W1_v03_M_STATA/Post Harvest Wave 1/Household/sect10ca_harvestw1.dta
sect10ca_harvestw2.dta,/Users/HP/Downloads/TP3_Groupe17_GUEBEDIANG_Kadidja_RIRADJIM_Trésor/data_unzipped/NGA_2012_GHSP-W2_v02_M_STATA/Post Harvest Wave 2/Household/sect10ca_harvestw2.dta
sect10ca_harvestw3.dta,/Users/HP/Downloads/TP3_Groupe17_GUEBEDIANG_Kadidja_RIRADJIM_Trésor/data_unzipped/NGA_2015_GHSP-W3_v02_M_Stata/sect10ca_harvestw3.dta
sect10cb_harvestw1.dta,/Users/HP/Downloads/TP3_Groupe17_GUEBEDIANG_Kadidja_RIRADJIM_Trésor/data_unzipped/NGA_2010_GHSP-W1_v03_M_STATA/Post Harvest Wave 1/Household/sect10cb_harvestw1.dta
sect10cb_harvestw2.dta,/Users/HP/Downloads/TP3_Groupe17_GUEBEDIANG_Kadidja_RIRADJIM_Trésor/data_unzipped/NGA_2012_GHSP-W2_v02_M_STATA/Post Harvest Wave 2/Household/sect10cb_harvestw2.dta
sect10cb_harvestw3.dta,/Users/HP/Downloads/TP3_Groupe17_GUEBEDIANG_Kadidja_RIRADJIM_Trésor/data_unzipped/NGA_2015_GHSP-W3_v02_M_Stata/sect10cb_harvestw3.dta
sect11_plantingw3.dta,/Users/HP/Downloads/TP3_Groupe17_GUEBEDIANG_Kadidja_RIRADJIM_Trésor/data_unzipped/NGA_2015_GHSP-W3_v02_M_Stata/sect11_plantingw3.dta
sect11_plantingw4.dta,/Users/HP/Downloads/TP3_Groupe17_GUEBEDIANG_Kadidja_RIRADJIM_Trésor/data_unzipped/NGA_2018_GHSP-W4_v03_M_Stata12/sect11_plantingw4.dta
sect11a1_plantingw1.dta,/Users/HP/Downloads/TP3_Groupe17_GUEBEDIANG_Kadidja_RIRADJIM_Trésor/data_unzipped/NGA_2010_GHSP-W1_v03_M_STATA/Post Planting Wave 1/Agriculture/sect11a1_plantingw1.dta
sect11a1_plantingw2.dta,/Users/HP/Downloads/TP3_Groupe17_GUEBEDIANG_Kadidja_RIRADJIM_Trésor/data_unzipped/NGA_2012_GHSP-W2_v02_M_STATA/Post Planting Wave 2/Agriculture/sect11a1_plantingw2.dta
sect11a1_plantingw3.dta,/Users/HP/Downloads/TP3_Groupe17_GUEBEDIANG_Kadidja_RIRADJIM_Trésor/data_unzipped/NGA_2015_GHSP-W3_v02_M_Stata/sect11a1_plantingw3.dta
sect11a1_plantingw4.dta,/Users/HP/Downloads/TP3_Groupe17_GUEBEDIANG_Kadidja_RIRADJIM_Trésor/data_unzipped/NGA_2018_GHSP-W4_v03_M_Stata12/sect11a1_plantingw4.dta
sect11a_harvestw1.dta,/Users/HP/Downloads/TP3_Groupe17_GUEBEDIANG_Kadidja_RIRADJIM_Trésor/data_unzipped/NGA_2010_GHSP-W1_v03_M_STATA/Post Harvest Wave 1/Household/sect11a_harvestw1.dta
sect11a_harvestw2.dta,/Users/HP/Downloads/TP3_Groupe17_GUEBEDIANG_Kadidja_RIRADJIM_Trésor/data_unzipped/NGA_2012_GHSP-W2_v02_M_STATA/Post Harvest Wave 2/Household/sect11a_harvestw2.dta
sect11a_harvestw3.dta,/Users/HP/Downloads/TP3_Groupe17_GUEBEDIANG_Kadidja_RIRADJIM_Trésor/data_unzipped/NGA_2015_GHSP-W3_v02_M_Stata/sect11a_harvestw3.dta
sect11a_harvestw4.dta,/Users/HP/Downloads/TP3_Groupe17_GUEBEDIANG_Kadidja_RIRADJIM_Trésor/data_unzipped/NGA_2018_GHSP-W4_v03_M_Stata12/sect11a_harvestw4.dta
sect11a_plantingw1.dta,/Users/HP/Downloads/TP3_Groupe17_GUEBEDIANG_Kadidja_RIRADJIM_Trésor/data_unzipped/NGA_2010_GHSP-W1_v03_M_STATA/Post Planting Wave 1/Agriculture/sect11a_plantingw1.dta
sect11a_plantingw2.dta,/Users/HP/Downloads/TP3_Groupe17_GUEBEDIANG_Kadidja_RIRADJIM_Trésor/data_unzipped/NGA_2012_GHSP-W2_v02_M_STATA/Post Planting Wave 2/Agriculture/sect11a_plantingw2.dta
sect11a_plantingw3.dta,/Users/HP/Downloads/TP3_Groupe17_GUEBEDIANG_Kadidja_RIRADJIM_Trésor/data_unzipped/NGA_2015_GHSP-W3_v02_M_Stata/sect11a_plantingw3.dta
sect11a_plantingw4.dta,/Users/HP/Downloads/TP3_Groupe17_GUEBEDIANG_Kadidja_RIRADJIM_Trésor/data_unzipped/NGA_2018_GHSP-W4_v03_M_Stata12/sect11a_plantingw4.dta
sect11b1_plantingw2.dta,/Users/HP/Downloads/TP3_Groupe17_GUEBEDIANG_Kadidja_RIRADJIM_Trésor/data_unzipped/NGA_2012_GHSP-W2_v02_M_STATA/Post Planting Wave 2/Agriculture/sect11b1_plantingw2.dta
sect11b1_plantingw3.dta,/Users/HP/Downloads/TP3_Groupe17_GUEBEDIANG_Kadidja_RIRADJIM_Trésor/data_unzipped/NGA_2015_GHSP-W3_v02_M_Stata/sect11b1_plantingw3.dta
sect11b1_plantingw4.dta,/Users/HP/Downloads/TP3_Groupe17_GUEBEDIANG_Kadidja_RIRADJIM_Trésor/data_unzipped/NGA_2018_GHSP-W4_v03_M_Stata12/sect11b1_plantingw4.dta
sect11b1q10_plantingw4.dta,/Users/HP/Downloads/TP3_Groupe17_GUEBEDIANG_Kadidja_RIRADJIM_Trésor/data_unzipped/NGA_2018_GHSP-W4_v03_M_Stata12/sect11b1q10_plantingw4.dta
sect11b2_plantingw2.dta,/Users/HP/Downloads/TP3_Groupe17_GUEBEDIANG_Kadidja_RIRADJIM_Trésor/data_unzipped/NGA_2012_GHSP-W2_v02_M_STATA/Post Planting Wave 2/Agriculture/sect11b2_plantingw2.dta
sect11b_harvestw1.dta,/Users/HP/Downloads/TP3_Groupe17_GUEBEDIANG_Kadidja_RIRADJIM_Trésor/data_unzipped/NGA_2010_GHSP-W1_v03_M_STATA/Post Harvest Wave 1/Household/sect11b_harvestw1.dta
sect11b_harvestw2.dta,/Users/HP/Downloads/TP3_Groupe17_GUEBEDIANG_Kadidja_RIRADJIM_Trésor/data_unzipped/NGA_2012_GHSP-W2_v02_M_STATA/Post Harvest Wave 2/Household/sect11b_harvestw2.dta
sect11b_harvestw3.dta,/Users/HP/Downloads/TP3_Groupe17_GUEBEDIANG_Kadidja_RIRADJIM_Trésor/data_unzipped/NGA_2015_GHSP-W3_v02_M_Stata/sect11b_harvestw3.dta
sect11b_harvestw4.dta,/Users/HP/Downloads/TP3_Groupe17_GUEBEDIANG_Kadidja_RIRADJIM_Trésor/data_unzipped/NGA_2018_GHSP-W4_v03_M_Stata12/sect11b_harvestw4.dta
sect11b_plantingw1.dta,/Users/HP/Downloads/TP3_Groupe17_GUEBEDIANG_Kadidja_RIRADJIM_Trésor/data_unzipped/NGA_2010_GHSP-W1_v03_M_STATA/Post Planting Wave 1/Agriculture/sect11b_plantingw1.dta
sect11c1_plantingw2.dta,/Users/HP/Downloads/TP3_Groupe17_GUEBEDIANG_Kadidja_RIRADJIM_Trésor/data_unzipped/NGA_2012_GHSP-W2_v02_M_STATA/Post Planting Wave 2/Agriculture/sect11c1_plantingw2.dta
sect11c1_plantingw3.dta,/Users/HP/Downloads/TP3_Groupe17_GUEBEDIANG_Kadidja_RIRADJIM_Trésor/data_unzipped/NGA_2015_GHSP-W3_v02_M_Stata/sect11c1_plantingw3.dta
sect11c1a_plantingw4.dta,/Users/HP/Downloads/TP3_Groupe17_GUEBEDIANG_Kadidja_RIRADJIM_Trésor/data_unzipped/NGA_2018_GHSP-W4_v03_M_Stata12/sect11c1a_plantingw4.dta
sect11c1b_plantingw4.dta,/Users/HP/Downloads/TP3_Groupe17_GUEBEDIANG_Kadidja_RIRADJIM_Trésor/data_unzipped/NGA_2018_GHSP-W4_v03_M_Stata12/sect11c1b_plantingw4.dta
sect11c2_plantingw2.dta,/Users/HP/Downloads/TP3_Groupe17_GUEBEDIANG_Kadidja_RIRADJIM_Trésor/data_unzipped/NGA_2012_GHSP-W2_v02_M_STATA/Post Planting Wave 2/Agriculture/sect11c2_plantingw2.dta
sect11c_harvestw1.dta,/Users/HP/Downloads/TP3_Groupe17_GUEBEDIANG_Kadidja_RIRADJIM_Trésor/data_unzipped/NGA_2010_GHSP-W1_v03_M_STATA/Post Harvest Wave 1/Household/sect11c_harvestw1.dta
sect11c_harvestw2.dta,/Users/HP/Downloads/TP3_Groupe17_GUEBEDIANG_Kadidja_RIRADJIM_Trésor/data_unzipped/NGA_2012_GHSP-W2_v02_M_STATA/Post Harvest Wave 2/Household/sect11c_harvestw2.dta
sect11c_harvestw3.dta,/Users/HP/Downloads/TP3_Groupe17_GUEBEDIANG_Kadidja_RIRADJIM_Trésor/data_unzipped/NGA_2015_GHSP-W3_v02_M_Stata/sect11c_harvestw3.dta
sect11c_harvestw4.dta,/Users/HP/Downloads/TP3_Groupe17_GUEBEDIANG_Kadidja_RIRADJIM_Trésor/data_unzipped/NGA_2018_GHSP-W4_v03_M_Stata12/sect11c_harvestw4.dta
sect11c_plantingw1.dta,/Users/HP/Downloads/TP3_Groupe17_GUEBEDIANG_Kadidja_RIRADJIM_Trésor/data_unzipped/NGA_2010_GHSP-W1_v03_M_STATA/Post Planting Wave 1/Agriculture/sect11c_plantingw1.dta
sect11d_harvestw1.dta,/Users/HP/Downloads/TP3_Groupe17_GUEBEDIANG_Kadidja_RIRADJIM_Trésor/data_unzipped/NGA_2010_GHSP-W1_v03_M_STATA/Post Harvest Wave 1/Household/sect11d_harvestw1.dta
sect11d_harvestw2.dta,/Users/HP/Downloads/TP3_Groupe17_GUEBEDIANG_Kadidja_RIRADJIM_Trésor/data_unzipped/NGA_2012_GHSP-W2_v02_M_STATA/Post Harvest Wave 2/Household/sect11d_harvestw2.dta
sect11d_harvestw3.dta,/Users/HP/Downloads/TP3_Groupe17_GUEBEDIANG_Kadidja_RIRADJIM_Trésor/data_unzipped/NGA_2015_GHSP-W3_v02_M_Stata/sect11d_harvestw3.dta
sect11d_harvestw4.dta,/Users/HP/Downloads/TP3_Groupe17_GUEBEDIANG_Kadidja_RIRADJIM_Trésor/data_unzipped/NGA_2018_GHSP-W4_v03_M_Stata12/sect11d_harvestw4.dta
sect11d_plantingw1.dta,/Users/HP/Downloads/TP3_Groupe17_GUEBEDIANG_Kadidja_RIRADJIM_Trésor/data_unzipped/NGA_2010_GHSP-W1_v03_M_STATA/Post Planting Wave 1/Agriculture/sect11d_plantingw1.dta
sect11d_plantingw2.dta,/Users/HP/Downloads/TP3_Groupe17_GUEBEDIANG_Kadidja_RIRADJIM_Trésor/data_unzipped/NGA_2012_GHSP-W2_v02_M_STATA/Post Planting Wave 2/Agriculture/sect11d_plantingw2.dta
sect11e1_plantingw4.dta,/Users/HP/Downloads/TP3_Groupe17_GUEBEDIANG_Kadidja_RIRADJIM_Trésor/data_unzipped/NGA_2018_GHSP-W4_v03_M_Stata12/sect11e1_plantingw4.dta
sect11e2_plantingw4.dta,/Users/HP/Downloads/TP3_Groupe17_GUEBEDIANG_Kadidja_RIRADJIM_Trésor/data_unzipped/NGA_2018_GHSP-W4_v03_M_Stata12/sect11e2_plantingw4.dta
sect11e_harvestw1.dta,/Users/HP/Downloads/TP3_Groupe17_GUEBEDIANG_Kadidja_RIRADJIM_Trésor/data_unzipped/NGA_2010_GHSP-W1_v03_M_STATA/Post Harvest Wave 1/Household/sect11e_harvestw1.dta
sect11e_harvestw2.dta,/Users/HP/Downloads/TP3_Groupe17_GUEBEDIANG_Kadidja_RIRADJIM_Trésor/data_unzipped/NGA_2012_GHSP-W2_v02_M_STATA/Post Harvest Wave 2/Household/sect11e_harvestw2.dta
sect11e_harvestw3.dta,/Users/HP/Downloads/TP3_Groupe17_GUEBEDIANG_Kadidja_RIRADJIM_Trésor/data_unzipped/NGA_2015_GHSP-W3_v02_M_Stata/sect11e_harvestw3.dta
sect11e_plantingw1.dta,/Users/HP/Downloads/TP3_Groupe17_GUEBEDIANG_Kadidja_RIRADJIM_Trésor/data_unzipped/NGA_2010_GHSP-W1_v03_M_STATA/Post Planting Wave 1/Agriculture/sect11e_plantingw1.dta
sect11e_plantingw2.dta,/Users/HP/Downloads/TP3_Groupe17_GUEBEDIANG_Kadidja_RIRADJIM_Trésor/data_unzipped/NGA_2012_GHSP-W2_v02_M_STATA/Post Planting Wave 2/Agriculture/sect11e_plantingw2.dta
sect11e_plantingw3.dta,/Users/HP/Downloads/TP3_Groupe17_GUEBEDIANG_Kadidja_RIRADJIM_Trésor/data_unzipped/NGA_2015_GHSP-W3_v02_M_Stata/sect11e_plantingw3.dta
sect11f_plantingw1.dta,/Users/HP/Downloads/TP3_Groupe17_GUEBEDIANG_Kadidja_RIRADJIM_Trésor/data_unzipped/NGA_2010_GHSP-W1_v03_M_STATA/Post Planting Wave 1/Agriculture/sect11f_plantingw1.dta
sect11f_plantingw2.dta,/Users/HP/Downloads/TP3_Groupe17_GUEBEDIANG_Kadidja_RIRADJIM_Trésor/data_unzipped/NGA_2012_GHSP-W2_v02_M_STATA/Post Planting Wave 2/Agriculture/sect11f_plantingw2.dta
sect11f_plantingw3.dta,/Users/HP/Downloads/TP3_Groupe17_GUEBEDIANG_Kadidja_RIRADJIM_Trésor/data_unzipped/NGA_2015_GHSP-W3_v02_M_Stata/sect11f_plantingw3.dta
sect11f_plantingw4.dta,/Users/HP/Downloads/TP3_Groupe17_GUEBEDIANG_Kadidja_RIRADJIM_Trésor/data_unzipped/NGA_2018_GHSP-W4_v03_M_Stata12/sect11f_plantingw4.dta
sect11g_plantingw1.dta,/Users/HP/Downloads/TP3_Groupe17_GUEBEDIANG_Kadidja_RIRADJIM_Trésor/data_unzipped/NGA_2010_GHSP-W1_v03_M_STATA/Post Planting Wave 1/Agriculture/sect11g_plantingw1.dta
sect11g_plantingw2.dta,/Users/HP/Downloads/TP3_Groupe17_GUEBEDIANG_Kadidja_RIRADJIM_Trésor/data_unzipped/NGA_2012_GHSP-W2_v02_M_STATA/Post Planting Wave 2/Agriculture/sect11g_plantingw2.dta
sect11h_plantingw1.dta,/Users/HP/Downloads/TP3_Groupe17_GUEBEDIANG_Kadidja_RIRADJIM_Trésor/data_unzipped/NGA_2010_GHSP-W1_v03_M_STATA/Post Planting Wave 1/Agriculture/sect11h_plantingw1.dta
sect11h_plantingw2.dta,/Users/HP/Downloads/TP3_Groupe17_GUEBEDIANG_Kadidja_RIRADJIM_Trésor/data_unzipped/NGA_2012_GHSP-W2_v02_M_STATA/Post Planting Wave 2/Agriculture/sect11h_plantingw2.dta
sect11i_plantingw1.dta,/Users/HP/Downloads/TP3_Groupe17_GUEBEDIANG_Kadidja_RIRADJIM_Trésor/data_unzipped/NGA_2010_GHSP-W1_v03_M_STATA/Post Planting Wave 1/Agriculture/sect11i_plantingw1.dta
sect11i_plantingw2.dta,/Users/HP/Downloads/TP3_Groupe17_GUEBEDIANG_Kadidja_RIRADJIM_Trésor/data_unzipped/NGA_2012_GHSP-W2_v02_M_STATA/Post Planting Wave 2/Agriculture/sect11i_plantingw2.dta
sect11i_plantingw3.dta,/Users/HP/Downloads/TP3_Groupe17_GUEBEDIANG_Kadidja_RIRADJIM_Trésor/data_unzipped/NGA_2015_GHSP-W3_v02_M_Stata/sect11i_plantingw3.dta
sect11i_plantingw4.dta,/Users/HP/Downloads/TP3_Groupe17_GUEBEDIANG_Kadidja_RIRADJIM_Trésor/data_unzipped/NGA_2018_GHSP-W4_v03_M_Stata12/sect11i_plantingw4.dta
sect11j_plantingw1.dta,/Users/HP/Downloads/TP3_Groupe17_GUEBEDIANG_Kadidja_RIRADJIM_Trésor/data_unzipped/NGA_2010_GHSP-W1_v03_M_STATA/Post Planting Wave 1/Agriculture/sect11j_plantingw1.dta
sect11j_plantingw2.dta,/Users/HP/Downloads/TP3_Groupe17_GUEBEDIANG_Kadidja_RIRADJIM_Trésor/data_unzipped/NGA_2012_GHSP-W2_v02_M_STATA/Post Planting Wave 2/Agriculture/sect11j_plantingw2.dta
sect11j_plantingw3.dta,/Users/HP/Downloads/TP3_Groupe17_GUEBEDIANG_Kadidja_RIRADJIM_Trésor/data_unzipped/NGA_2015_GHSP-W3_v02_M_Stata/sect11j_plantingw3.dta
sect11j_plantingw4.dta,/Users/HP/Downloads/TP3_Groupe17_GUEBEDIANG_Kadidja_RIRADJIM_Trésor/data_unzipped/NGA_2018_GHSP-W4_v03_M_Stata12/sect11j_plantingw4.dta
sect11k1_plantingw4.dta,/Users/HP/Downloads/TP3_Groupe17_GUEBEDIANG_Kadidja_RIRADJIM_Trésor/data_unzipped/NGA_2018_GHSP-W4_v03_M_Stata12/sect11k1_plantingw4.dta
sect11k2_plantingw4.dta,/Users/HP/Downloads/TP3_Groupe17_GUEBEDIANG_Kadidja_RIRADJIM_Trésor/data_unzipped/NGA_2018_GHSP-W4_v03_M_Stata12/sect11k2_plantingw4.dta
sect11k3_plantingw4.dta,/Users/HP/Downloads/TP3_Groupe17_GUEBEDIANG_Kadidja_RIRADJIM_Trésor/data_unzipped/NGA_2018_GHSP-W4_v03_M_Stata12/sect11k3_plantingw4.dta
sect11k_plantingw1.dta,/Users/HP/Downloads/TP3_Groupe17_GUEBEDIANG_Kadidja_RIRADJIM_Trésor/data_unzipped/NGA_2010_GHSP-W1_v03_M_STATA/Post Planting Wave 1/Agriculture/sect11k_plantingw1.dta
sect11k_plantingw2.dta,/Users/HP/Downloads/TP3_Groupe17_GUEBEDIANG_Kadidja_RIRADJIM_Trésor/data_unzipped/NGA_2012_GHSP-W2_v02_M_STATA/Post Planting Wave 2/Agriculture/sect11k_plantingw2.dta
sect11k_plantingw3.dta,/Users/HP/Downloads/TP3_Groupe17_GUEBEDIANG_Kadidja_RIRADJIM_Trésor/data_unzipped/NGA_2015_GHSP-W3_v02_M_Stata/sect11k_plantingw3.dta
sect11l1_plantingw1.dta,/Users/HP/Downloads/TP3_Groupe17_GUEBEDIANG_Kadidja_RIRADJIM_Trésor/data_unzipped/NGA_2010_GHSP-W1_v03_M_STATA/Post Planting Wave 1/Agriculture/sect11l1_plantingw1.dta
sect11l1_plantingw2.dta,/Users/HP/Downloads/TP3_Groupe17_GUEBEDIANG_Kadidja_RIRADJIM_Trésor/data_unzipped/NGA_2012_GHSP-W2_v02_M_STATA/Post Planting Wave 2/Agriculture/sect11l1_plantingw2.dta
sect11l1_plantingw3.dta,/Users/HP/Downloads/TP3_Groupe17_GUEBEDIANG_Kadidja_RIRADJIM_Trésor/data_unzipped/NGA_2015_GHSP-W3_v02_M_Stata/sect11l1_plantingw3.dta
sect11l1_plantingw4.dta,/Users/HP/Downloads/TP3_Groupe17_GUEBEDIANG_Kadidja_RIRADJIM_Trésor/data_unzipped/NGA_2018_GHSP-W4_v03_M_Stata12/sect11l1_plantingw4.dta
sect11l2_plantingw1.dta,/Users/HP/Downloads/TP3_Groupe17_GUEBEDIANG_Kadidja_RIRADJIM_Trésor/data_unzipped/NGA_2010_GHSP-W1_v03_M_STATA/Post Planting Wave 1/Agriculture/sect11l2_plantingw1.dta
sect11l2_plantingw2.dta,/Users/HP/Downloads/TP3_Groupe17_GUEBEDIANG_Kadidja_RIRADJIM_Trésor/data_unzipped/NGA_2012_GHSP-W2_v02_M_STATA/Post Planting Wave 2/Agriculture/sect11l2_plantingw2.dta
sect11l2_plantingw3.dta,/Users/HP/Downloads/TP3_Groupe17_GUEBEDIANG_Kadidja_RIRADJIM_Trésor/data_unzipped/NGA_2015_GHSP-W3_v02_M_Stata/sect11l2_plantingw3.dta
sect11l2_plantingw4.dta,/Users/HP/Downloads/TP3_Groupe17_GUEBEDIANG_Kadidja_RIRADJIM_Trésor/data_unzipped/NGA_2018_GHSP-W4_v03_M_Stata12/sect11l2_plantingw4.dta
sect12_harvestw1.dta,/Users/HP/Downloads/TP3_Groupe17_GUEBEDIANG_Kadidja_RIRADJIM_Trésor/data_unzipped/NGA_2010_GHSP-W1_v03_M_STATA/Post Harvest Wave 1/Household/sect12_harvestw1.dta
sect12_harvestw2.dta,/Users/HP/Downloads/TP3_Groupe17_GUEBEDIANG_Kadidja_RIRADJIM_Trésor/data_unzipped/NGA_2012_GHSP-W2_v02_M_STATA/Post Harvest Wave 2/Household/sect12_harvestw2.dta
sect12_harvestw3.dta,/Users/HP/Downloads/TP3_Groupe17_GUEBEDIANG_Kadidja_RIRADJIM_Trésor/data_unzipped/NGA_2015_GHSP-W3_v02_M_Stata/sect12_harvestw3.dta
sect12_harvestw4.dta,/Users/HP/Downloads/TP3_Groupe17_GUEBEDIANG_Kadidja_RIRADJIM_Trésor/data_unzipped/NGA_2018_GHSP-W4_v03_M_Stata12/sect12_harvestw4.dta
sect12_plantingw1.dta,/Users/HP/Downloads/TP3_Groupe17_GUEBEDIANG_Kadidja_RIRADJIM_Trésor/data_unzipped/NGA_2010_GHSP-W1_v03_M_STATA/Post Planting Wave 1/Agriculture/sect12_plantingw1.dta
sect12_plantingw2.dta,/Users/HP/Downloads/TP3_Groupe17_GUEBEDIANG_Kadidja_RIRADJIM_Trésor/data_unzipped/NGA_2012_GHSP-W2_v02_M_STATA/Post Planting Wave 2/Agriculture/sect12_plantingw2.dta
sect12_plantingw3.dta,/Users/HP/Downloads/TP3_Groupe17_GUEBEDIANG_Kadidja_RIRADJIM_Trésor/data_unzipped/NGA_2015_GHSP-W3_v02_M_Stata/sect12_plantingw3.dta
sect13_harvestw1.dta,/Users/HP/Downloads/TP3_Groupe17_GUEBEDIANG_Kadidja_RIRADJIM_Trésor/data_unzipped/NGA_2010_GHSP-W1_v03_M_STATA/Post Harvest Wave 1/Household/sect13_harvestw1.dta
sect13_harvestw2.dta,/Users/HP/Downloads/TP3_Groupe17_GUEBEDIANG_Kadidja_RIRADJIM_Trésor/data_unzipped/NGA_2012_GHSP-W2_v02_M_STATA/Post Harvest Wave 2/Household/sect13_harvestw2.dta
sect13_harvestw3.dta,/Users/HP/Downloads/TP3_Groupe17_GUEBEDIANG_Kadidja_RIRADJIM_Trésor/data_unzipped/NGA_2015_GHSP-W3_v02_M_Stata/sect13_harvestw3.dta
sect13_harvestw4.dta,/Users/HP/Downloads/TP3_Groupe17_GUEBEDIANG_Kadidja_RIRADJIM_Trésor/data_unzipped/NGA_2018_GHSP-W4_v03_M_Stata12/sect13_harvestw4.dta
sect14_harvestw1.dta,/Users/HP/Downloads/TP3_Groupe17_GUEBEDIANG_Kadidja_RIRADJIM_Trésor/data_unzipped/NGA_2010_GHSP-W1_v03_M_STATA/Post Harvest Wave 1/Household/sect14_harvestw1.dta
sect14_harvestw2.dta,/Users/HP/Downloads/TP3_Groupe17_GUEBEDIANG_Kadidja_RIRADJIM_Trésor/data_unzipped/NGA_2012_GHSP-W2_v02_M_STATA/Post Harvest Wave 2/Household/sect14_harvestw2.dta
sect14_harvestw3.dta,/Users/HP/Downloads/TP3_Groupe17_GUEBEDIANG_Kadidja_RIRADJIM_Trésor/data_unzipped/NGA_2015_GHSP-W3_v02_M_Stata/sect14_harvestw3.dta
sect14a_harvestw4.dta,/Users/HP/Downloads/TP3_Groupe17_GUEBEDIANG_Kadidja_RIRADJIM_Trésor/data_unzipped/NGA_2018_GHSP-W4_v03_M_Stata12/sect14a_harvestw4.dta
sect14b_harvestw4.dta,/Users/HP/Downloads/TP3_Groupe17_GUEBEDIANG_Kadidja_RIRADJIM_Trésor/data_unzipped/NGA_2018_GHSP-W4_v03_M_Stata12/sect14b_harvestw4.dta
sect15a_harvestw1.dta,/Users/HP/Downloads/TP3_Groupe17_GUEBEDIANG_Kadidja_RIRADJIM_Trésor/data_unzipped/NGA_2010_GHSP-W1_v03_M_STATA/Post Harvest Wave 1/Household/sect15a_harvestw1.dta
sect15a_harvestw2.dta,/Users/HP/Downloads/TP3_Groupe17_GUEBEDIANG_Kadidja_RIRADJIM_Trésor/data_unzipped/NGA_2012_GHSP-W2_v02_M_STATA/Post Harvest Wave 2/Household/sect15a_harvestw2.dta
sect15a_harvestw3.dta,/Users/HP/Downloads/TP3_Groupe17_GUEBEDIANG_Kadidja_RIRADJIM_Trésor/data_unzipped/NGA_2015_GHSP-W3_v02_M_Stata/sect15a_harvestw3.dta
sect15a_harvestw4.dta,/Users/HP/Downloads/TP3_Groupe17_GUEBEDIANG_Kadidja_RIRADJIM_Trésor/data_unzipped/NGA_2018_GHSP-W4_v03_M_Stata12/sect15a_harvestw4.dta
sect15b1_harvestw1.dta,/Users/HP/Downloads/TP3_Groupe17_GUEBEDIANG_Kadidja_RIRADJIM_Trésor/data_unzipped/NGA_2010_GHSP-W1_v03_M_STATA/Post Harvest Wave 1/Household/sect15b1_harvestw1.dta
sect15b1_harvestw2.dta,/Users/HP/Downloads/TP3_Groupe17_GUEBEDIANG_Kadidja_RIRADJIM_Trésor/data_unzipped/NGA_2012_GHSP-W2_v02_M_STATA/Post Harvest Wave 2/Household/sect15b1_harvestw2.dta
sect15b1_harvestw3.dta,/Users/HP/Downloads/TP3_Groupe17_GUEBEDIANG_Kadidja_RIRADJIM_Trésor/data_unzipped/NGA_2015_GHSP-W3_v02_M_Stata/sect15b1_harvestw3.dta
sect15b2_harvestw2.dta,/Users/HP/Downloads/TP3_Groupe17_GUEBEDIANG_Kadidja_RIRADJIM_Trésor/data_unzipped/NGA_2012_GHSP-W2_v02_M_STATA/Post Harvest Wave 2/Household/sect15b2_harvestw2.dta
sect15b2_harvestw3.dta,/Users/HP/Downloads/TP3_Groupe17_GUEBEDIANG_Kadidja_RIRADJIM_Trésor/data_unzipped/NGA_2015_GHSP-W3_v02_M_Stata/sect15b2_harvestw3.dta
sect15b_harvestw1.dta,/Users/HP/Downloads/TP3_Groupe17_GUEBEDIANG_Kadidja_RIRADJIM_Trésor/data_unzipped/NGA_2010_GHSP-W1_v03_M_STATA/Post Harvest Wave 1/Household/sect15b_harvestw1.dta
sect15c_harvestw3.dta,/Users/HP/Downloads/TP3_Groupe17_GUEBEDIANG_Kadidja_RIRADJIM_Trésor/data_unzipped/NGA_2015_GHSP-W3_v02_M_Stata/sect15c_harvestw3.dta
sect1_harvestw1.dta,/Users/HP/Downloads/TP3_Groupe17_GUEBEDIANG_Kadidja_RIRADJIM_Trésor/data_unzipped/NGA_2010_GHSP-W1_v03_M_STATA/Post Harvest Wave 1/Household/sect1_harvestw1.dta
sect1_harvestw2.dta,/Users/HP/Downloads/TP3_Groupe17_GUEBEDIANG_Kadidja_RIRADJIM_Trésor/data_unzipped/NGA_2012_GHSP-W2_v02_M_STATA/Post Harvest Wave 2/Household/sect1_harvestw2.dta
sect1_harvestw3.dta,/Users/HP/Downloads/TP3_Groupe17_GUEBEDIANG_Kadidja_RIRADJIM_Trésor/data_unzipped/NGA_2015_GHSP-W3_v02_M_Stata/sect1_harvestw3.dta
sect1_harvestw4.dta,/Users/HP/Downloads/TP3_Groupe17_GUEBEDIANG_Kadidja_RIRADJIM_Trésor/data_unzipped/NGA_2018_GHSP-W4_v03_M_Stata12/sect1_harvestw4.dta
sect1_plantingw1.dta,/Users/HP/Downloads/TP3_Groupe17_GUEBEDIANG_Kadidja_RIRADJIM_Trésor/data_unzipped/NGA_2010_GHSP-W1_v03_M_STATA/Post Planting Wave 1/Household/sect1_plantingw1.dta
sect1_plantingw2.dta,/Users/HP/Downloads/TP3_Groupe17_GUEBEDIANG_Kadidja_RIRADJIM_Trésor/data_unzipped/NGA_2012_GHSP-W2_v02_M_STATA/Post Planting Wave 2/Household/sect1_plantingw2.dta
sect1_plantingw3.dta,/Users/HP/Downloads/TP3_Groupe17_GUEBEDIANG_Kadidja_RIRADJIM_Trésor/data_unzipped/NGA_2015_GHSP-W3_v02_M_Stata/sect1_plantingw3.dta
sect1_plantingw4.dta,/Users/HP/Downloads/TP3_Groupe17_GUEBEDIANG_Kadidja_RIRADJIM_Trésor/data_unzipped/NGA_2018_GHSP-W4_v03_M_Stata12/sect1_plantingw4.dta
sect2_harvestw3.dta,/Users/HP/Downloads/TP3_Groupe17_GUEBEDIANG_Kadidja_RIRADJIM_Trésor/data_unzipped/NGA_2015_GHSP-W3_v02_M_Stata/sect2_harvestw3.dta
sect2_harvestw4.dta,/Users/HP/Downloads/TP3_Groupe17_GUEBEDIANG_Kadidja_RIRADJIM_Trésor/data_unzipped/NGA_2018_GHSP-W4_v03_M_Stata12/sect2_harvestw4.dta
sect2_plantingw1.dta,/Users/HP/Downloads/TP3_Groupe17_GUEBEDIANG_Kadidja_RIRADJIM_Trésor/data_unzipped/NGA_2010_GHSP-W1_v03_M_STATA/Post Planting Wave 1/Household/sect2_plantingw1.dta
sect2_plantingw2.dta,/Users/HP/Downloads/TP3_Groupe17_GUEBEDIANG_Kadidja_RIRADJIM_Trésor/data_unzipped/NGA_2012_GHSP-W2_v02_M_STATA/Post Planting Wave 2/Household/sect2_plantingw2.dta
sect2a_harvestw1.dta,/Users/HP/Downloads/TP3_Groupe17_GUEBEDIANG_Kadidja_RIRADJIM_Trésor/data_unzipped/NGA_2010_GHSP-W1_v03_M_STATA/Post Harvest Wave 1/Household/sect2a_harvestw1.dta
sect2a_harvestw2.dta,/Users/HP/Downloads/TP3_Groupe17_GUEBEDIANG_Kadidja_RIRADJIM_Trésor/data_unzipped/NGA_2012_GHSP-W2_v02_M_STATA/Post Harvest Wave 2/Household/sect2a_harvestw2.dta
sect2b_harvestw1.dta,/Users/HP/Downloads/TP3_Groupe17_GUEBEDIANG_Kadidja_RIRADJIM_Trésor/data_unzipped/NGA_2010_GHSP-W1_v03_M_STATA/Post Harvest Wave 1/Household/sect2b_harvestw1.dta
sect2b_harvestw2.dta,/Users/HP/Downloads/TP3_Groupe17_GUEBEDIANG_Kadidja_RIRADJIM_Trésor/data_unzipped/NGA_2012_GHSP-W2_v02_M_STATA/Post Harvest Wave 2/Household/sect2b_harvestw2.dta
sect3_harvestw3.dta,/Users/HP/Downloads/TP3_Groupe17_GUEBEDIANG_Kadidja_RIRADJIM_Trésor/data_unzipped/NGA_2015_GHSP-W3_v02_M_Stata/sect3_harvestw3.dta
sect3_plantingw1.dta,/Users/HP/Downloads/TP3_Groupe17_GUEBEDIANG_Kadidja_RIRADJIM_Trésor/data_unzipped/NGA_2010_GHSP-W1_v03_M_STATA/Post Planting Wave 1/Household/sect3_plantingw1.dta
sect3_plantingw3.dta,/Users/HP/Downloads/TP3_Groupe17_GUEBEDIANG_Kadidja_RIRADJIM_Trésor/data_unzipped/NGA_2015_GHSP-W3_v02_M_Stata/sect3_plantingw3.dta
sect3_plantingw4.dta,/Users/HP/Downloads/TP3_Groupe17_GUEBEDIANG_Kadidja_RIRADJIM_Trésor/data_unzipped/NGA_2018_GHSP-W4_v03_M_Stata12/sect3_plantingw4.dta
sect3a_harvestw1.dta,/Users/HP/Downloads/TP3_Groupe17_GUEBEDIANG_Kadidja_RIRADJIM_Trésor/data_unzipped/NGA_2010_GHSP-W1_v03_M_STATA/Post Harvest Wave 1/Household/sect3a_harvestw1.dta
sect3a_harvestw2.dta,/Users/HP/Downloads/TP3_Groupe17_GUEBEDIANG_Kadidja_RIRADJIM_Trésor/data_unzipped/NGA_2012_GHSP-W2_v02_M_STATA/Post Harvest Wave 2/Household/sect3a_harvestw2.dta
sect3a_harvestw4.dta,/Users/HP/Downloads/TP3_Groupe17_GUEBEDIANG_Kadidja_RIRADJIM_Trésor/data_unzipped/NGA_2018_GHSP-W4_v03_M_Stata12/sect3a_harvestw4.dta
sect3a_plantingw2.dta,/Users/HP/Downloads/TP3_Groupe17_GUEBEDIANG_Kadidja_RIRADJIM_Trésor/data_unzipped/NGA_2012_GHSP-W2_v02_M_STATA/Post Planting Wave 2/Household/sect3a_plantingw2.dta
sect3b_harvestw1.dta,/Users/HP/Downloads/TP3_Groupe17_GUEBEDIANG_Kadidja_RIRADJIM_Trésor/data_unzipped/NGA_2010_GHSP-W1_v03_M_STATA/Post Harvest Wave 1/Household/sect3b_harvestw1.dta
sect3b_harvestw2.dta,/Users/HP/Downloads/TP3_Groupe17_GUEBEDIANG_Kadidja_RIRADJIM_Trésor/data_unzipped/NGA_2012_GHSP-W2_v02_M_STATA/Post Harvest Wave 2/Household/sect3b_harvestw2.dta
sect3b_harvestw4.dta,/Users/HP/Downloads/TP3_Groupe17_GUEBEDIANG_Kadidja_RIRADJIM_Trésor/data_unzipped/NGA_2018_GHSP-W4_v03_M_Stata12/sect3b_harvestw4.dta
sect3b_plantingw2.dta,/Users/HP/Downloads/TP3_Groupe17_GUEBEDIANG_Kadidja_RIRADJIM_Trésor/data_unzipped/NGA_2012_GHSP-W2_v02_M_STATA/Post Planting Wave 2/Household/sect3b_plantingw2.dta
sect3b_plantingw4.dta,/Users/HP/Downloads/TP3_Groupe17_GUEBEDIANG_Kadidja_RIRADJIM_Trésor/data_unzipped/NGA_2018_GHSP-W4_v03_M_Stata12/sect3b_plantingw4.dta
sect3c_plantingw2.dta,/Users/HP/Downloads/TP3_Groupe17_GUEBEDIANG_Kadidja_RIRADJIM_Trésor/data_unzipped/NGA_2012_GHSP-W2_v02_M_STATA/Post Planting Wave 2/Household/sect3c_plantingw2.dta
sect3d_plantingw2.dta,/Users/HP/Downloads/TP3_Groupe17_GUEBEDIANG_Kadidja_RIRADJIM_Trésor/data_unzipped/NGA_2012_GHSP-W2_v02_M_STATA/Post Planting Wave 2/Household/sect3d_plantingw2.dta
sect3e_plantingw2.dta,/Users/HP/Downloads/TP3_Groupe17_GUEBEDIANG_Kadidja_RIRADJIM_Trésor/data_unzipped/NGA_2012_GHSP-W2_v02_M_STATA/Post Planting Wave 2/Household/sect3e_plantingw2.dta
sect3q38_plantingw4.dta,/Users/HP/Downloads/TP3_Groupe17_GUEBEDIANG_Kadidja_RIRADJIM_Trésor/data_unzipped/NGA_2018_GHSP-W4_v03_M_Stata12/sect3q38_plantingw4.dta
sect4_plantingw1.dta,/Users/HP/Downloads/TP3_Groupe17_GUEBEDIANG_Kadidja_RIRADJIM_Trésor/data_unzipped/NGA_2010_GHSP-W1_v03_M_STATA/Post Planting Wave 1/Household/sect4_plantingw1.dta
sect4a1_plantingw4.dta,/Users/HP/Downloads/TP3_Groupe17_GUEBEDIANG_Kadidja_RIRADJIM_Trésor/data_unzipped/NGA_2018_GHSP-W4_v03_M_Stata12/sect4a1_plantingw4.dta
sect4a2_plantingw4.dta,/Users/HP/Downloads/TP3_Groupe17_GUEBEDIANG_Kadidja_RIRADJIM_Trésor/data_unzipped/NGA_2018_GHSP-W4_v03_M_Stata12/sect4a2_plantingw4.dta
sect4a_harvestw1.dta,/Users/HP/Downloads/TP3_Groupe17_GUEBEDIANG_Kadidja_RIRADJIM_Trésor/data_unzipped/NGA_2010_GHSP-W1_v03_M_STATA/Post Harvest Wave 1/Household/sect4a_harvestw1.dta
sect4a_harvestw2.dta,/Users/HP/Downloads/TP3_Groupe17_GUEBEDIANG_Kadidja_RIRADJIM_Trésor/data_unzipped/NGA_2012_GHSP-W2_v02_M_STATA/Post Harvest Wave 2/Household/sect4a_harvestw2.dta
sect4a_harvestw3.dta,/Users/HP/Downloads/TP3_Groupe17_GUEBEDIANG_Kadidja_RIRADJIM_Trésor/data_unzipped/NGA_2015_GHSP-W3_v02_M_Stata/sect4a_harvestw3.dta
sect4a_harvestw4.dta,/Users/HP/Downloads/TP3_Groupe17_GUEBEDIANG_Kadidja_RIRADJIM_Trésor/data_unzipped/NGA_2018_GHSP-W4_v03_M_Stata12/sect4a_harvestw4.dta
sect4a_plantingw2.dta,/Users/HP/Downloads/TP3_Groupe17_GUEBEDIANG_Kadidja_RIRADJIM_Trésor/data_unzipped/NGA_2012_GHSP-W2_v02_M_STATA/Post Planting Wave 2/Household/sect4a_plantingw2.dta
sect4a_plantingw3.dta,/Users/HP/Downloads/TP3_Groupe17_GUEBEDIANG_Kadidja_RIRADJIM_Trésor/data_unzipped/NGA_2015_GHSP-W3_v02_M_Stata/sect4a_plantingw3.dta
sect4b_harvestw1.dta,/Users/HP/Downloads/TP3_Groupe17_GUEBEDIANG_Kadidja_RIRADJIM_Trésor/data_unzipped/NGA_2010_GHSP-W1_v03_M_STATA/Post Harvest Wave 1/Household/sect4b_harvestw1.dta
sect4b_harvestw2.dta,/Users/HP/Downloads/TP3_Groupe17_GUEBEDIANG_Kadidja_RIRADJIM_Trésor/data_unzipped/NGA_2012_GHSP-W2_v02_M_STATA/Post Harvest Wave 2/Household/sect4b_harvestw2.dta
sect4b_harvestw3.dta,/Users/HP/Downloads/TP3_Groupe17_GUEBEDIANG_Kadidja_RIRADJIM_Trésor/data_unzipped/NGA_2015_GHSP-W3_v02_M_Stata/sect4b_harvestw3.dta
sect4b_plantingw2.dta,/Users/HP/Downloads/TP3_Groupe17_GUEBEDIANG_Kadidja_RIRADJIM_Trésor/data_unzipped/NGA_2012_GHSP-W2_v02_M_STATA/Post Planting Wave 2/Household/sect4b_plantingw2.dta
sect4b_plantingw3.dta,/Users/HP/Downloads/TP3_Groupe17_GUEBEDIANG_Kadidja_RIRADJIM_Trésor/data_unzipped/NGA_2015_GHSP-W3_v02_M_Stata/sect4b_plantingw3.dta
sect4b_plantingw4.dta,/Users/HP/Downloads/TP3_Groupe17_GUEBEDIANG_Kadidja_RIRADJIM_Trésor/data_unzipped/NGA_2018_GHSP-W4_v03_M_Stata12/sect4b_plantingw4.dta
sect4c1_plantingw3.dta,/Users/HP/Downloads/TP3_Groupe17_GUEBEDIANG_Kadidja_RIRADJIM_Trésor/data_unzipped/NGA_2015_GHSP-W3_v02_M_Stata/sect4c1_plantingw3.dta
sect4c1_plantingw4.dta,/Users/HP/Downloads/TP3_Groupe17_GUEBEDIANG_Kadidja_RIRADJIM_Trésor/data_unzipped/NGA_2018_GHSP-W4_v03_M_Stata12/sect4c1_plantingw4.dta
sect4c2_plantingw3.dta,/Users/HP/Downloads/TP3_Groupe17_GUEBEDIANG_Kadidja_RIRADJIM_Trésor/data_unzipped/NGA_2015_GHSP-W3_v02_M_Stata/sect4c2_plantingw3.dta
sect4c2_plantingw4.dta,/Users/HP/Downloads/TP3_Groupe17_GUEBEDIANG_Kadidja_RIRADJIM_Trésor/data_unzipped/NGA_2018_GHSP-W4_v03_M_Stata12/sect4c2_plantingw4.dta
sect4c3_plantingw3.dta,/Users/HP/Downloads/TP3_Groupe17_GUEBEDIANG_Kadidja_RIRADJIM_Trésor/data_unzipped/NGA_2015_GHSP-W3_v02_M_Stata/sect4c3_plantingw3.dta
sect4c3_plantingw4.dta,/Users/HP/Downloads/TP3_Groupe17_GUEBEDIANG_Kadidja_RIRADJIM_Trésor/data_unzipped/NGA_2018_GHSP-W4_v03_M_Stata12/sect4c3_plantingw4.dta
sect5_harvestw1.dta,/Users/HP/Downloads/TP3_Groupe17_GUEBEDIANG_Kadidja_RIRADJIM_Trésor/data_unzipped/NGA_2010_GHSP-W1_v03_M_STATA/Post Harvest Wave 1/Household/sect5_harvestw1.dta
sect5_harvestw2.dta,/Users/HP/Downloads/TP3_Groupe17_GUEBEDIANG_Kadidja_RIRADJIM_Trésor/data_unzipped/NGA_2012_GHSP-W2_v02_M_STATA/Post Harvest Wave 2/Household/sect5_harvestw2.dta
sect5_plantingw1.dta,/Users/HP/Downloads/TP3_Groupe17_GUEBEDIANG_Kadidja_RIRADJIM_Trésor/data_unzipped/NGA_2010_GHSP-W1_v03_M_STATA/Post Planting Wave 1/Household/sect5_plantingw1.dta
sect5_plantingw3.dta,/Users/HP/Downloads/TP3_Groupe17_GUEBEDIANG_Kadidja_RIRADJIM_Trésor/data_unzipped/NGA_2015_GHSP-W3_v02_M_Stata/sect5_plantingw3.dta
sect5_plantingw4.dta,/Users/HP/Downloads/TP3_Groupe17_GUEBEDIANG_Kadidja_RIRADJIM_Trésor/data_unzipped/NGA_2018_GHSP-W4_v03_M_Stata12/sect5_plantingw4.dta
sect5a_plantingw2.dta,/Users/HP/Downloads/TP3_Groupe17_GUEBEDIANG_Kadidja_RIRADJIM_Trésor/data_unzipped/NGA_2012_GHSP-W2_v02_M_STATA/Post Planting Wave 2/Household/sect5a_plantingw2.dta
sect5b_plantingw1.dta,/Users/HP/Downloads/TP3_Groupe17_GUEBEDIANG_Kadidja_RIRADJIM_Trésor/data_unzipped/NGA_2010_GHSP-W1_v03_M_STATA/Post Planting Wave 1/Household/sect5b_plantingw1.dta
sect5b_plantingw2.dta,/Users/HP/Downloads/TP3_Groupe17_GUEBEDIANG_Kadidja_RIRADJIM_Trésor/data_unzipped/NGA_2012_GHSP-W2_v02_M_STATA/Post Planting Wave 2/Household/sect5b_plantingw2.dta
sect6_harvestw1.dta,/Users/HP/Downloads/TP3_Groupe17_GUEBEDIANG_Kadidja_RIRADJIM_Trésor/data_unzipped/NGA_2010_GHSP-W1_v03_M_STATA/Post Harvest Wave 1/Household/sect6_harvestw1.dta
sect6_harvestw2.dta,/Users/HP/Downloads/TP3_Groupe17_GUEBEDIANG_Kadidja_RIRADJIM_Trésor/data_unzipped/NGA_2012_GHSP-W2_v02_M_STATA/Post Harvest Wave 2/Household/sect6_harvestw2.dta
sect6_harvestw3.dta,/Users/HP/Downloads/TP3_Groupe17_GUEBEDIANG_Kadidja_RIRADJIM_Trésor/data_unzipped/NGA_2015_GHSP-W3_v02_M_Stata/sect6_harvestw3.dta
sect6_harvestw4.dta,/Users/HP/Downloads/TP3_Groupe17_GUEBEDIANG_Kadidja_RIRADJIM_Trésor/data_unzipped/NGA_2018_GHSP-W4_v03_M_Stata12/sect6_harvestw4.dta
sect6_plantingw1.dta,/Users/HP/Downloads/TP3_Groupe17_GUEBEDIANG_Kadidja_RIRADJIM_Trésor/data_unzipped/NGA_2010_GHSP-W1_v03_M_STATA/Post Planting Wave 1/Household/sect6_plantingw1.dta
sect6_plantingw2.dta,/Users/HP/Downloads/TP3_Groupe17_GUEBEDIANG_Kadidja_RIRADJIM_Trésor/data_unzipped/NGA_2012_GHSP-W2_v02_M_STATA/Post Planting Wave 2/Household/sect6_plantingw2.dta
sect6a_harvestw3.dta,/Users/HP/Downloads/TP3_Groupe17_GUEBEDIANG_Kadidja_RIRADJIM_Trésor/data_unzipped/NGA_2015_GHSP-W3_v02_M_Stata/sect6a_harvestw3.dta
sect6b_harvestw3.dta,/Users/HP/Downloads/TP3_Groupe17_GUEBEDIANG_Kadidja_RIRADJIM_Trésor/data_unzipped/NGA_2015_GHSP-W3_v02_M_Stata/sect6b_harvestw3.dta
sect7_harvestw1.dta,/Users/HP/Downloads/TP3_Groupe17_GUEBEDIANG_Kadidja_RIRADJIM_Trésor/data_unzipped/NGA_2010_GHSP-W1_v03_M_STATA/Post Harvest Wave 1/Household/sect7_harvestw1.dta
sect7_harvestw2.dta,/Users/HP/Downloads/TP3_Groupe17_GUEBEDIANG_Kadidja_RIRADJIM_Trésor/data_unzipped/NGA_2012_GHSP-W2_v02_M_STATA/Post Harvest Wave 2/Household/sect7_harvestw2.dta
sect7a_plantingw1.dta,/Users/HP/Downloads/TP3_Groupe17_GUEBEDIANG_Kadidja_RIRADJIM_Trésor/data_unzipped/NGA_2010_GHSP-W1_v03_M_STATA/Post Planting Wave 1/Household/sect7a_plantingw1.dta
sect7a_plantingw2.dta,/Users/HP/Downloads/TP3_Groupe17_GUEBEDIANG_Kadidja_RIRADJIM_Trésor/data_unzipped/NGA_2012_GHSP-W2_v02_M_STATA/Post Planting Wave 2/Household/sect7a_plantingw2.dta
sect7a_plantingw3.dta,/Users/HP/Downloads/TP3_Groupe17_GUEBEDIANG_Kadidja_RIRADJIM_Trésor/data_unzipped/NGA_2015_GHSP-W3_v02_M_Stata/sect7a_plantingw3.dta
sect7a_plantingw4.dta,/Users/HP/Downloads/TP3_Groupe17_GUEBEDIANG_Kadidja_RIRADJIM_Trésor/data_unzipped/NGA_2018_GHSP-W4_v03_M_Stata12/sect7a_plantingw4.dta
sect7b_plantingw1.dta,/Users/HP/Downloads/TP3_Groupe17_GUEBEDIANG_Kadidja_RIRADJIM_Trésor/data_unzipped/NGA_2010_GHSP-W1_v03_M_STATA/Post Planting Wave 1/Household/sect7b_plantingw1.dta
sect7b_plantingw2.dta,/Users/HP/Downloads/TP3_Groupe17_GUEBEDIANG_Kadidja_RIRADJIM_Trésor/data_unzipped/NGA_2012_GHSP-W2_v02_M_STATA/Post Planting Wave 2/Household/sect7b_plantingw2.dta
sect7b_plantingw3.dta,/Users/HP/Downloads/TP3_Groupe17_GUEBEDIANG_Kadidja_RIRADJIM_Trésor/data_unzipped/NGA_2015_GHSP-W3_v02_M_Stata/sect7b_plantingw3.dta
sect7b_plantingw4.dta,/Users/HP/Downloads/TP3_Groupe17_GUEBEDIANG_Kadidja_RIRADJIM_Trésor/data_unzipped/NGA_2018_GHSP-W4_v03_M_Stata12/sect7b_plantingw4.dta
sect81_plantingw1.dta,/Users/HP/Downloads/TP3_Groupe17_GUEBEDIANG_Kadidja_RIRADJIM_Trésor/data_unzipped/NGA_2010_GHSP-W1_v03_M_STATA/Post Planting Wave 1/Household/sect81_plantingw1.dta
sect82_plantingw1.dta,/Users/HP/Downloads/TP3_Groupe17_GUEBEDIANG_Kadidja_RIRADJIM_Trésor/data_unzipped/NGA_2010_GHSP-W1_v03_M_STATA/Post Planting Wave 1/Household/sect82_plantingw1.dta
sect83_plantingw1.dta,/Users/HP/Downloads/TP3_Groupe17_GUEBEDIANG_Kadidja_RIRADJIM_Trésor/data_unzipped/NGA_2010_GHSP-W1_v03_M_STATA/Post Planting Wave 1/Household/sect83_plantingw1.dta
sect84_plantingw1.dta,/Users/HP/Downloads/TP3_Groupe17_GUEBEDIANG_Kadidja_RIRADJIM_Trésor/data_unzipped/NGA_2010_GHSP-W1_v03_M_STATA/Post Planting Wave 1/Household/sect84_plantingw1.dta
sect85_plantingw1.dta,/Users/HP/Downloads/TP3_Groupe17_GUEBEDIANG_Kadidja_RIRADJIM_Trésor/data_unzipped/NGA_2010_GHSP-W1_v03_M_STATA/Post Planting Wave 1/Household/sect85_plantingw1.dta
sect8_harvestw1.dta,/Users/HP/Downloads/TP3_Groupe17_GUEBEDIANG_Kadidja_RIRADJIM_Trésor/data_unzipped/NGA_2010_GHSP-W1_v03_M_STATA/Post Harvest Wave 1/Household/sect8_harvestw1.dta
sect8_harvestw2.dta,/Users/HP/Downloads/TP3_Groupe17_GUEBEDIANG_Kadidja_RIRADJIM_Trésor/data_unzipped/NGA_2012_GHSP-W2_v02_M_STATA/Post Harvest Wave 2/Household/sect8_harvestw2.dta
sect8a_plantingw2.dta,/Users/HP/Downloads/TP3_Groupe17_GUEBEDIANG_Kadidja_RIRADJIM_Trésor/data_unzipped/NGA_2012_GHSP-W2_v02_M_STATA/Post Planting Wave 2/Household/sect8a_plantingw2.dta
sect8a_plantingw3.dta,/Users/HP/Downloads/TP3_Groupe17_GUEBEDIANG_Kadidja_RIRADJIM_Trésor/data_unzipped/NGA_2015_GHSP-W3_v02_M_Stata/sect8a_plantingw3.dta
sect8a_plantingw4.dta,/Users/HP/Downloads/TP3_Groupe17_GUEBEDIANG_Kadidja_RIRADJIM_Trésor/data_unzipped/NGA_2018_GHSP-W4_v03_M_Stata12/sect8a_plantingw4.dta
sect8b_plantingw2.dta,/Users/HP/Downloads/TP3_Groupe17_GUEBEDIANG_Kadidja_RIRADJIM_Trésor/data_unzipped/NGA_2012_GHSP-W2_v02_M_STATA/Post Planting Wave 2/Household/sect8b_plantingw2.dta
sect8b_plantingw3.dta,/Users/HP/Downloads/TP3_Groupe17_GUEBEDIANG_Kadidja_RIRADJIM_Trésor/data_unzipped/NGA_2015_GHSP-W3_v02_M_Stata/sect8b_plantingw3.dta
sect8b_plantingw4.dta,/Users/HP/Downloads/TP3_Groupe17_GUEBEDIANG_Kadidja_RIRADJIM_Trésor/data_unzipped/NGA_2018_GHSP-W4_v03_M_Stata12/sect8b_plantingw4.dta
sect8c_plantingw2.dta,/Users/HP/Downloads/TP3_Groupe17_GUEBEDIANG_Kadidja_RIRADJIM_Trésor/data_unzipped/NGA_2012_GHSP-W2_v02_M_STATA/Post Planting Wave 2/Household/sect8c_plantingw2.dta
sect8c_plantingw3.dta,/Users/HP/Downloads/TP3_Groupe17_GUEBEDIANG_Kadidja_RIRADJIM_Trésor/data_unzipped/NGA_2015_GHSP-W3_v02_M_Stata/sect8c_plantingw3.dta
sect8c_plantingw4.dta,/Users/HP/Downloads/TP3_Groupe17_GUEBEDIANG_Kadidja_RIRADJIM_Trésor/data_unzipped/NGA_2018_GHSP-W4_v03_M_Stata12/sect8c_plantingw4.dta
sect8d_plantingw2.dta,/Users/HP/Downloads/TP3_Groupe17_GUEBEDIANG_Kadidja_RIRADJIM_Trésor/data_unzipped/NGA_2012_GHSP-W2_v02_M_STATA/Post Planting Wave 2/Household/sect8d_plantingw2.dta
sect8e_plantingw2.dta,/Users/HP/Downloads/TP3_Groupe17_GUEBEDIANG_Kadidja_RIRADJIM_Trésor/data_unzipped/NGA_2012_GHSP-W2_v02_M_STATA/Post Planting Wave 2/Household/sect8e_plantingw2.dta
sect9_harvestw1.dta,/Users/HP/Downloads/TP3_Groupe17_GUEBEDIANG_Kadidja_RIRADJIM_Trésor/data_unzipped/NGA_2010_GHSP-W1_v03_M_STATA/Post Harvest Wave 1/Household/sect9_harvestw1.dta
sect9_harvestw2.dta,/Users/HP/Downloads/TP3_Groupe17_GUEBEDIANG_Kadidja_RIRADJIM_Trésor/data_unzipped/NGA_2012_GHSP-W2_v02_M_STATA/Post Harvest Wave 2/Household/sect9_harvestw2.dta
sect9_harvestw3.dta,/Users/HP/Downloads/TP3_Groupe17_GUEBEDIANG_Kadidja_RIRADJIM_Trésor/data_unzipped/NGA_2015_GHSP-W3_v02_M_Stata/sect9_harvestw3.dta
sect9_plantingw1.dta,/Users/HP/Downloads/TP3_Groupe17_GUEBEDIANG_Kadidja_RIRADJIM_Trésor/data_unzipped/NGA_2010_GHSP-W1_v03_M_STATA/Post Planting Wave 1/Household/sect9_plantingw1.dta
sect9_plantingw2.dta,/Users/HP/Downloads/TP3_Groupe17_GUEBEDIANG_Kadidja_RIRADJIM_Trésor/data_unzipped/NGA_2012_GHSP-W2_v02_M_STATA/Post Planting Wave 2/Household/sect9_plantingw2.dta
sect9_plantingw3.dta,/Users/HP/Downloads/TP3_Groupe17_GUEBEDIANG_Kadidja_RIRADJIM_Trésor/data_unzipped/NGA_2015_GHSP-W3_v02_M_Stata/sect9_plantingw3.dta
sect9_plantingw4.dta,/Users/HP/Downloads/TP3_Groupe17_GUEBEDIANG_Kadidja_RIRADJIM_Trésor/data_unzipped/NGA_2018_GHSP-W4_v03_M_Stata12/sect9_plantingw4.dta
sect9a_harvestw4.dta,/Users/HP/Downloads/TP3_Groupe17_GUEBEDIANG_Kadidja_RIRADJIM_Trésor/data_unzipped/NGA_2018_GHSP-W4_v03_M_Stata12/sect9a_harvestw4.dta
sect9b_harvestw3.dta,/Users/HP/Downloads/TP3_Groupe17_GUEBEDIANG_Kadidja_RIRADJIM_Trésor/data_unzipped/NGA_2015_GHSP-W3_v02_M_Stata/sect9b_harvestw3.dta
sect9b_harvestw4.dta,/Users/HP/Downloads/TP3_Groupe17_GUEBEDIANG_Kadidja_RIRADJIM_Trésor/data_unzipped/NGA_2018_GHSP-W4_v03_M_Stata12/sect9b_harvestw4.dta
sect9b_plantingw3.dta,/Users/HP/Downloads/TP3_Groupe17_GUEBEDIANG_Kadidja_RIRADJIM_Trésor/data_unzipped/NGA_2015_GHSP-W3_v02_M_Stata/sect9b_plantingw3.dta
sect9c_harvestw4.dta,/Users/HP/Downloads/TP3_Groupe17_GUEBEDIANG_Kadidja_RIRADJIM_Trésor/data_unzipped/NGA_2018_GHSP-W4_v03_M_Stata12/sect9c_harvestw4.dta
sect9d_harvestw4.dta,/Users/HP/Downloads/TP3_Groupe17_GUEBEDIANG_Kadidja_RIRADJIM_Trésor/data_unzipped/NGA_2018_GHSP-W4_v03_M_Stata12/sect9d_harvestw4.dta
secta10_harvestw1.dta,/Users/HP/Downloads/TP3_Groupe17_GUEBEDIANG_Kadidja_RIRADJIM_Trésor/data_unzipped/NGA_2010_GHSP-W1_v03_M_STATA/Post Harvest Wave 1/Agriculture/secta10_harvestw1.dta
secta10_harvestw2.dta,/Users/HP/Downloads/TP3_Groupe17_GUEBEDIANG_Kadidja_RIRADJIM_Trésor/data_unzipped/NGA_2012_GHSP-W2_v02_M_STATA/Post Harvest Wave 2/Agriculture/secta10_harvestw2.dta
secta10_harvestw3.dta,/Users/HP/Downloads/TP3_Groupe17_GUEBEDIANG_Kadidja_RIRADJIM_Trésor/data_unzipped/NGA_2015_GHSP-W3_v02_M_Stata/secta10_harvestw3.dta
secta11c2_harvestw3.dta,/Users/HP/Downloads/TP3_Groupe17_GUEBEDIANG_Kadidja_RIRADJIM_Trésor/data_unzipped/NGA_2015_GHSP-W3_v02_M_Stata/secta11c2_harvestw3.dta
secta11c2_harvestw4.dta,/Users/HP/Downloads/TP3_Groupe17_GUEBEDIANG_Kadidja_RIRADJIM_Trésor/data_unzipped/NGA_2018_GHSP-W4_v03_M_Stata12/secta11c2_harvestw4.dta
secta11c3_harvestw4.dta,/Users/HP/Downloads/TP3_Groupe17_GUEBEDIANG_Kadidja_RIRADJIM_Trésor/data_unzipped/NGA_2018_GHSP-W4_v03_M_Stata12/secta11c3_harvestw4.dta
secta11c3q12_harvestw4.dta,/Users/HP/Downloads/TP3_Groupe17_GUEBEDIANG_Kadidja_RIRADJIM_Trésor/data_unzipped/NGA_2018_GHSP-W4_v03_M_Stata12/secta11c3q12_harvestw4.dta
secta11d_harvestw3.dta,/Users/HP/Downloads/TP3_Groupe17_GUEBEDIANG_Kadidja_RIRADJIM_Trésor/data_unzipped/NGA_2015_GHSP-W3_v02_M_Stata/secta11d_harvestw3.dta
secta1_harvestw1.dta,/Users/HP/Downloads/TP3_Groupe17_GUEBEDIANG_Kadidja_RIRADJIM_Trésor/data_unzipped/NGA_2010_GHSP-W1_v03_M_STATA/Post Harvest Wave 1/Agriculture/secta1_harvestw1.dta
secta1_harvestw2.dta,/Users/HP/Downloads/TP3_Groupe17_GUEBEDIANG_Kadidja_RIRADJIM_Trésor/data_unzipped/NGA_2012_GHSP-W2_v02_M_STATA/Post Harvest Wave 2/Agriculture/secta1_harvestw2.dta
secta1_harvestw3.dta,/Users/HP/Downloads/TP3_Groupe17_GUEBEDIANG_Kadidja_RIRADJIM_Trésor/data_unzipped/NGA_2015_GHSP-W3_v02_M_Stata/secta1_harvestw3.dta
secta1_harvestw4.dta,/Users/HP/Downloads/TP3_Groupe17_GUEBEDIANG_Kadidja_RIRADJIM_Trésor/data_unzipped/NGA_2018_GHSP-W4_v03_M_Stata12/secta1_harvestw4.dta
secta2_harvestw1.dta,/Users/HP/Downloads/TP3_Groupe17_GUEBEDIANG_Kadidja_RIRADJIM_Trésor/data_unzipped/NGA_2010_GHSP-W1_v03_M_STATA/Post Harvest Wave 1/Agriculture/secta2_harvestw1.dta
secta2_harvestw2.dta,/Users/HP/Downloads/TP3_Groupe17_GUEBEDIANG_Kadidja_RIRADJIM_Trésor/data_unzipped/NGA_2012_GHSP-W2_v02_M_STATA/Post Harvest Wave 2/Agriculture/secta2_harvestw2.dta
secta2_harvestw3.dta,/Users/HP/Downloads/TP3_Groupe17_GUEBEDIANG_Kadidja_RIRADJIM_Trésor/data_unzipped/NGA_2015_GHSP-W3_v02_M_Stata/secta2_harvestw3.dta
secta2a_harvestw4.dta,/Users/HP/Downloads/TP3_Groupe17_GUEBEDIANG_Kadidja_RIRADJIM_Trésor/data_unzipped/NGA_2018_GHSP-W4_v03_M_Stata12/secta2a_harvestw4.dta
secta2b_harvestw4.dta,/Users/HP/Downloads/TP3_Groupe17_GUEBEDIANG_Kadidja_RIRADJIM_Trésor/data_unzipped/NGA_2018_GHSP-W4_v03_M_Stata12/secta2b_harvestw4.dta
secta3_harvestw1.dta,/Users/HP/Downloads/TP3_Groupe17_GUEBEDIANG_Kadidja_RIRADJIM_Trésor/data_unzipped/NGA_2010_GHSP-W1_v03_M_STATA/Post Harvest Wave 1/Agriculture/secta3_harvestw1.dta
secta3_harvestw2.dta,/Users/HP/Downloads/TP3_Groupe17_GUEBEDIANG_Kadidja_RIRADJIM_Trésor/data_unzipped/NGA_2012_GHSP-W2_v02_M_STATA/Post Harvest Wave 2/Agriculture/secta3_harvestw2.dta
secta3i_harvestw3.dta,/Users/HP/Downloads/TP3_Groupe17_GUEBEDIANG_Kadidja_RIRADJIM_Trésor/data_unzipped/NGA_2015_GHSP-W3_v02_M_Stata/secta3i_harvestw3.dta
secta3i_harvestw4.dta,/Users/HP/Downloads/TP3_Groupe17_GUEBEDIANG_Kadidja_RIRADJIM_Trésor/data_unzipped/NGA_2018_GHSP-W4_v03_M_Stata12/secta3i_harvestw4.dta
secta3ii_harvestw3.dta,/Users/HP/Downloads/TP3_Groupe17_GUEBEDIANG_Kadidja_RIRADJIM_Trésor/data_unzipped/NGA_2015_GHSP-W3_v02_M_Stata/secta3ii_harvestw3.dta
secta3ii_harvestw4.dta,/Users/HP/Downloads/TP3_Groupe17_GUEBEDIANG_Kadidja_RIRADJIM_Trésor/data_unzipped/NGA_2018_GHSP-W4_v03_M_Stata12/secta3ii_harvestw4.dta
secta3iii_harvestw4.dta,/Users/HP/Downloads/TP3_Groupe17_GUEBEDIANG_Kadidja_RIRADJIM_Trésor/data_unzipped/NGA_2018_GHSP-W4_v03_M_Stata12/secta3iii_harvestw4.dta
secta41_harvestw1.dta,/Users/HP/Downloads/TP3_Groupe17_GUEBEDIANG_Kadidja_RIRADJIM_Trésor/data_unzipped/NGA_2010_GHSP-W1_v03_M_STATA/Post Harvest Wave 1/Agriculture/secta41_harvestw1.dta
secta41_harvestw2.dta,/Users/HP/Downloads/TP3_Groupe17_GUEBEDIANG_Kadidja_RIRADJIM_Trésor/data_unzipped/NGA_2012_GHSP-W2_v02_M_STATA/Post Harvest Wave 2/Agriculture/secta41_harvestw2.dta
secta42_harvestw1.dta,/Users/HP/Downloads/TP3_Groupe17_GUEBEDIANG_Kadidja_RIRADJIM_Trésor/data_unzipped/NGA_2010_GHSP-W1_v03_M_STATA/Post Harvest Wave 1/Agriculture/secta42_harvestw1.dta
secta42_harvestw2.dta,/Users/HP/Downloads/TP3_Groupe17_GUEBEDIANG_Kadidja_RIRADJIM_Trésor/data_unzipped/NGA_2012_GHSP-W2_v02_M_STATA/Post Harvest Wave 2/Agriculture/secta42_harvestw2.dta
secta4_harvestw3.dta,/Users/HP/Downloads/TP3_Groupe17_GUEBEDIANG_Kadidja_RIRADJIM_Trésor/data_unzipped/NGA_2015_GHSP-W3_v02_M_Stata/secta4_harvestw3.dta
secta4_harvestw4.dta,/Users/HP/Downloads/TP3_Groupe17_GUEBEDIANG_Kadidja_RIRADJIM_Trésor/data_unzipped/NGA_2018_GHSP-W4_v03_M_Stata12/secta4_harvestw4.dta
secta5a_harvestw1.dta,/Users/HP/Downloads/TP3_Groupe17_GUEBEDIANG_Kadidja_RIRADJIM_Trésor/data_unzipped/NGA_2010_GHSP-W1_v03_M_STATA/Post Harvest Wave 1/Agriculture/secta5a_harvestw1.dta
secta5a_harvestw2.dta,/Users/HP/Downloads/TP3_Groupe17_GUEBEDIANG_Kadidja_RIRADJIM_Trésor/data_unzipped/NGA_2012_GHSP-W2_v02_M_STATA/Post Harvest Wave 2/Agriculture/secta5a_harvestw2.dta
secta5a_harvestw3.dta,/Users/HP/Downloads/TP3_Groupe17_GUEBEDIANG_Kadidja_RIRADJIM_Trésor/data_unzipped/NGA_2015_GHSP-W3_v02_M_Stata/secta5a_harvestw3.dta
secta5b_harvestw1.dta,/Users/HP/Downloads/TP3_Groupe17_GUEBEDIANG_Kadidja_RIRADJIM_Trésor/data_unzipped/NGA_2010_GHSP-W1_v03_M_STATA/Post Harvest Wave 1/Agriculture/secta5b_harvestw1.dta
secta5b_harvestw2.dta,/Users/HP/Downloads/TP3_Groupe17_GUEBEDIANG_Kadidja_RIRADJIM_Trésor/data_unzipped/NGA_2012_GHSP-W2_v02_M_STATA/Post Harvest Wave 2/Agriculture/secta5b_harvestw2.dta
secta5b_harvestw3.dta,/Users/HP/Downloads/TP3_Groupe17_GUEBEDIANG_Kadidja_RIRADJIM_Trésor/data_unzipped/NGA_2015_GHSP-W3_v02_M_Stata/secta5b_harvestw3.dta
secta5b_harvestw4.dta,/Users/HP/Downloads/TP3_Groupe17_GUEBEDIANG_Kadidja_RIRADJIM_Trésor/data_unzipped/NGA_2018_GHSP-W4_v03_M_Stata12/secta5b_harvestw4.dta
secta6_harvestw1.dta,/Users/HP/Downloads/TP3_Groupe17_GUEBEDIANG_Kadidja_RIRADJIM_Trésor/data_unzipped/NGA_2010_GHSP-W1_v03_M_STATA/Post Harvest Wave 1/Agriculture/secta6_harvestw1.dta
secta6_harvestw2.dta,/Users/HP/Downloads/TP3_Groupe17_GUEBEDIANG_Kadidja_RIRADJIM_Trésor/data_unzipped/NGA_2012_GHSP-W2_v02_M_STATA/Post Harvest Wave 2/Agriculture/secta6_harvestw2.dta
secta7_harvestw1.dta,/Users/HP/Downloads/TP3_Groupe17_GUEBEDIANG_Kadidja_RIRADJIM_Trésor/data_unzipped/NGA_2010_GHSP-W1_v03_M_STATA/Post Harvest Wave 1/Agriculture/secta7_harvestw1.dta
secta7_harvestw2.dta,/Users/HP/Downloads/TP3_Groupe17_GUEBEDIANG_Kadidja_RIRADJIM_Trésor/data_unzipped/NGA_2012_GHSP-W2_v02_M_STATA/Post Harvest Wave 2/Agriculture/secta7_harvestw2.dta
secta8_harvestw1.dta,/Users/HP/Downloads/TP3_Groupe17_GUEBEDIANG_Kadidja_RIRADJIM_Trésor/data_unzipped/NGA_2010_GHSP-W1_v03_M_STATA/Post Harvest Wave 1/Agriculture/secta8_harvestw1.dta
secta8_harvestw2.dta,/Users/HP/Downloads/TP3_Groupe17_GUEBEDIANG_Kadidja_RIRADJIM_Trésor/data_unzipped/NGA_2012_GHSP-W2_v02_M_STATA/Post Harvest Wave 2/Agriculture/secta8_harvestw2.dta
secta8_harvestw3.dta,/Users/HP/Downloads/TP3_Groupe17_GUEBEDIANG_Kadidja_RIRADJIM_Trésor/data_unzipped/NGA_2015_GHSP-W3_v02_M_Stata/secta8_harvestw3.dta
secta9a1_harvestw1.dta,/Users/HP/Downloads/TP3_Groupe17_GUEBEDIANG_Kadidja_RIRADJIM_Trésor/data_unzipped/NGA_2010_GHSP-W1_v03_M_STATA/Post Harvest Wave 1/Agriculture/secta9a1_harvestw1.dta
secta9a1_harvestw2.dta,/Users/HP/Downloads/TP3_Groupe17_GUEBEDIANG_Kadidja_RIRADJIM_Trésor/data_unzipped/NGA_2012_GHSP-W2_v02_M_STATA/Post Harvest Wave 2/Agriculture/secta9a1_harvestw2.dta
secta9a1_harvestw3.dta,/Users/HP/Downloads/TP3_Groupe17_GUEBEDIANG_Kadidja_RIRADJIM_Trésor/data_unzipped/NGA_2015_GHSP-W3_v02_M_Stata/secta9a1_harvestw3.dta
secta9a2_harvestw1.dta,/Users/HP/Downloads/TP3_Groupe17_GUEBEDIANG_Kadidja_RIRADJIM_Trésor/data_unzipped/NGA_2010_GHSP-W1_v03_M_STATA/Post Harvest Wave 1/Agriculture/secta9a2_harvestw1.dta
secta9a2_harvestw2.dta,/Users/HP/Downloads/TP3_Groupe17_GUEBEDIANG_Kadidja_RIRADJIM_Trésor/data_unzipped/NGA_2012_GHSP-W2_v02_M_STATA/Post Harvest Wave 2/Agriculture/secta9a2_harvestw2.dta
secta9a2_harvestw3.dta,/Users/HP/Downloads/TP3_Groupe17_GUEBEDIANG_Kadidja_RIRADJIM_Trésor/data_unzipped/NGA_2015_GHSP-W3_v02_M_Stata/secta9a2_harvestw3.dta
secta9a_harvestw4.dta,/Users/HP/Downloads/TP3_Groupe17_GUEBEDIANG_Kadidja_RIRADJIM_Trésor/data_unzipped/NGA_2018_GHSP-W4_v03_M_Stata12/secta9a_harvestw4.dta
secta9b1_harvestw1.dta,/Users/HP/Downloads/TP3_Groupe17_GUEBEDIANG_Kadidja_RIRADJIM_Trésor/data_unzipped/NGA_2010_GHSP-W1_v03_M_STATA/Post Harvest Wave 1/Agriculture/secta9b1_harvestw1.dta
secta9b1_harvestw2.dta,/Users/HP/Downloads/TP3_Groupe17_GUEBEDIANG_Kadidja_RIRADJIM_Trésor/data_unzipped/NGA_2012_GHSP-W2_v02_M_STATA/Post Harvest Wave 2/Agriculture/secta9b1_harvestw2.dta
secta9b1_harvestw3.dta,/Users/HP/Downloads/TP3_Groupe17_GUEBEDIANG_Kadidja_RIRADJIM_Trésor/data_unzipped/NGA_2015_GHSP-W3_v02_M_Stata/secta9b1_harvestw3.dta
secta9b2_harvestw1.dta,/Users/HP/Downloads/TP3_Groupe17_GUEBEDIANG_Kadidja_RIRADJIM_Trésor/data_unzipped/NGA_2010_GHSP-W1_v03_M_STATA/Post Harvest Wave 1/Agriculture/secta9b2_harvestw1.dta
secta9b2_harvestw2.dta,/Users/HP/Downloads/TP3_Groupe17_GUEBEDIANG_Kadidja_RIRADJIM_Trésor/data_unzipped/NGA_2012_GHSP-W2_v02_M_STATA/Post Harvest Wave 2/Agriculture/secta9b2_harvestw2.dta
secta9b2_harvestw3.dta,/Users/HP/Downloads/TP3_Groupe17_GUEBEDIANG_Kadidja_RIRADJIM_Trésor/data_unzipped/NGA_2015_GHSP-W3_v02_M_Stata/secta9b2_harvestw3.dta
secta9b3_harvestw2.dta,/Users/HP/Downloads/TP3_Groupe17_GUEBEDIANG_Kadidja_RIRADJIM_Trésor/data_unzipped/NGA_2012_GHSP-W2_v02_M_STATA/Post Harvest Wave 2/Agriculture/secta9b3_harvestw2.dta
secta9b3_harvestw3.dta,/Users/HP/Downloads/TP3_Groupe17_GUEBEDIANG_Kadidja_RIRADJIM_Trésor/data_unzipped/NGA_2015_GHSP-W3_v02_M_Stata/secta9b3_harvestw3.dta
secta_harvestw1.dta,/Users/HP/Downloads/TP3_Groupe17_GUEBEDIANG_Kadidja_RIRADJIM_Trésor/data_unzipped/NGA_2010_GHSP-W1_v03_M_STATA/Post Harvest Wave 1/Household/secta_harvestw1.dta
secta_harvestw2.dta,/Users/HP/Downloads/TP3_Groupe17_GUEBEDIANG_Kadidja_RIRADJIM_Trésor/data_unzipped/NGA_2012_GHSP-W2_v02_M_STATA/Post Harvest Wave 2/Household/secta_harvestw2.dta
secta_harvestw3.dta,/Users/HP/Downloads/TP3_Groupe17_GUEBEDIANG_Kadidja_RIRADJIM_Trésor/data_unzipped/NGA_2015_GHSP-W3_v02_M_Stata/secta_harvestw3.dta
secta_harvestw4.dta,/Users/HP/Downloads/TP3_Groupe17_GUEBEDIANG_Kadidja_RIRADJIM_Trésor/data_unzipped/NGA_2018_GHSP-W4_v03_M_Stata12/secta_harvestw4.dta
secta_plantingw1.dta,/Users/HP/Downloads/TP3_Groupe17_GUEBEDIANG_Kadidja_RIRADJIM_Trésor/data_unzipped/NGA_2010_GHSP-W1_v03_M_STATA/Post Planting Wave 1/Household/secta_plantingw1.dta
secta_plantingw2.dta,/Users/HP/Downloads/TP3_Groupe17_GUEBEDIANG_Kadidja_RIRADJIM_Trésor/data_unzipped/NGA_2012_GHSP-W2_v02_M_STATA/Post Planting Wave 2/Agriculture/secta_plantingw2.dta
secta_plantingw2.dta,/Users/HP/Downloads/TP3_Groupe17_GUEBEDIANG_Kadidja_RIRADJIM_Trésor/data_unzipped/NGA_2012_GHSP-W2_v02_M_STATA/Post Planting Wave 2/Household/secta_plantingw2.dta
secta_plantingw3.dta,/Users/HP/Downloads/TP3_Groupe17_GUEBEDIANG_Kadidja_RIRADJIM_Trésor/data_unzipped/NGA_2015_GHSP-W3_v02_M_Stata/secta_plantingw3.dta
secta_plantingw4.dta,/Users/HP/Downloads/TP3_Groupe17_GUEBEDIANG_Kadidja_RIRADJIM_Trésor/data_unzipped/NGA_2018_GHSP-W4_v03_M_Stata12/secta_plantingw4.dta
sectaa_harvestw1.dta,/Users/HP/Downloads/TP3_Groupe17_GUEBEDIANG_Kadidja_RIRADJIM_Trésor/data_unzipped/NGA_2010_GHSP-W1_v03_M_STATA/Post Harvest Wave 1/Agriculture/sectaa_harvestw1.dta
sectaa_harvestw2.dta,/Users/HP/Downloads/TP3_Groupe17_GUEBEDIANG_Kadidja_RIRADJIM_Trésor/data_unzipped/NGA_2012_GHSP-W2_v02_M_STATA/Post Harvest Wave 2/Agriculture/sectaa_harvestw2.dta
sectaa_harvestw3.dta,/Users/HP/Downloads/TP3_Groupe17_GUEBEDIANG_Kadidja_RIRADJIM_Trésor/data_unzipped/NGA_2015_GHSP-W3_v02_M_Stata/sectaa_harvestw3.dta
sectaa_harvestw4.dta,/Users/HP/Downloads/TP3_Groupe17_GUEBEDIANG_Kadidja_RIRADJIM_Trésor/data_unzipped/NGA_2018_GHSP-W4_v03_M_Stata12/sectaa_harvestw4.dta
sectaa_plantingw3.dta,/Users/HP/Downloads/TP3_Groupe17_GUEBEDIANG_Kadidja_RIRADJIM_Trésor/data_unzipped/NGA_2015_GHSP-W3_v02_M_Stata/sectaa_plantingw3.dta
sectaphl1_harvestw4.dta,/Users/HP/Downloads/TP3_Groupe17_GUEBEDIANG_Kadidja_RIRADJIM_Trésor/data_unzipped/NGA_2018_GHSP-W4_v03_M_Stata12/sectaphl1_harvestw4.dta
sectaphl2_harvestw4.dta,/Users/HP/Downloads/TP3_Groupe17_GUEBEDIANG_Kadidja_RIRADJIM_Trésor/data_unzipped/NGA_2018_GHSP-W4_v03_M_Stata12/sectaphl2_harvestw4.dta
sectc1_harvestw1.dta,/Users/HP/Downloads/TP3_Groupe17_GUEBEDIANG_Kadidja_RIRADJIM_Trésor/data_unzipped/NGA_2010_GHSP-W1_v03_M_STATA/Post Harvest Wave 1/Community/sectc1_harvestw1.dta
sectc1_harvestw2.dta,/Users/HP/Downloads/TP3_Groupe17_GUEBEDIANG_Kadidja_RIRADJIM_Trésor/data_unzipped/NGA_2012_GHSP-W2_v02_M_STATA/Post Harvest Wave 2/Community/sectc1_harvestw2.dta
sectc1_harvestw3.dta,/Users/HP/Downloads/TP3_Groupe17_GUEBEDIANG_Kadidja_RIRADJIM_Trésor/data_unzipped/NGA_2015_GHSP-W3_v02_M_Stata/sectc1_harvestw3.dta
sectc1_harvestw4.dta,/Users/HP/Downloads/TP3_Groupe17_GUEBEDIANG_Kadidja_RIRADJIM_Trésor/data_unzipped/NGA_2018_GHSP-W4_v03_M_Stata12/sectc1_harvestw4.dta
sectc1_plantingw1.dta,/Users/HP/Downloads/TP3_Groupe17_GUEBEDIANG_Kadidja_RIRADJIM_Trésor/data_unzipped/NGA_2010_GHSP-W1_v03_M_STATA/Post Planting Wave 1/Community/sectc1_plantingw1.dta
sectc1_plantingw2.dta,/Users/HP/Downloads/TP3_Groupe17_GUEBEDIANG_Kadidja_RIRADJIM_Trésor/data_unzipped/NGA_2012_GHSP-W2_v02_M_STATA/Post Planting Wave 2/Community/sectc1_plantingw2.dta
sectc1_plantingw3.dta,/Users/HP/Downloads/TP3_Groupe17_GUEBEDIANG_Kadidja_RIRADJIM_Trésor/data_unzipped/NGA_2015_GHSP-W3_v02_M_Stata/sectc1_plantingw3.dta
sectc1_plantingw4.dta,/Users/HP/Downloads/TP3_Groupe17_GUEBEDIANG_Kadidja_RIRADJIM_Trésor/data_unzipped/NGA_2018_GHSP-W4_v03_M_Stata12/sectc1_plantingw4.dta
sectc2_harvestw1.dta,/Users/HP/Downloads/TP3_Groupe17_GUEBEDIANG_Kadidja_RIRADJIM_Trésor/data_unzipped/NGA_2010_GHSP-W1_v03_M_STATA/Post Harvest Wave 1/Community/sectc2_harvestw1.dta
sectc2_harvestw2.dta,/Users/HP/Downloads/TP3_Groupe17_GUEBEDIANG_Kadidja_RIRADJIM_Trésor/data_unzipped/NGA_2012_GHSP-W2_v02_M_STATA/Post Harvest Wave 2/Community/sectc2_harvestw2.dta
sectc2_harvestw3.dta,/Users/HP/Downloads/TP3_Groupe17_GUEBEDIANG_Kadidja_RIRADJIM_Trésor/data_unzipped/NGA_2015_GHSP-W3_v02_M_Stata/sectc2_harvestw3.dta
sectc2_harvestw4.dta,/Users/HP/Downloads/TP3_Groupe17_GUEBEDIANG_Kadidja_RIRADJIM_Trésor/data_unzipped/NGA_2018_GHSP-W4_v03_M_Stata12/sectc2_harvestw4.dta
sectc2_plantingw1.dta,/Users/HP/Downloads/TP3_Groupe17_GUEBEDIANG_Kadidja_RIRADJIM_Trésor/data_unzipped/NGA_2010_GHSP-W1_v03_M_STATA/Post Planting Wave 1/Community/sectc2_plantingw1.dta
sectc2_plantingw2.dta,/Users/HP/Downloads/TP3_Groupe17_GUEBEDIANG_Kadidja_RIRADJIM_Trésor/data_unzipped/NGA_2012_GHSP-W2_v02_M_STATA/Post Planting Wave 2/Community/sectc2_plantingw2.dta
sectc2_plantingw4.dta,/Users/HP/Downloads/TP3_Groupe17_GUEBEDIANG_Kadidja_RIRADJIM_Trésor/data_unzipped/NGA_2018_GHSP-W4_v03_M_Stata12/sectc2_plantingw4.dta
sectc2a_plantingw3.dta,/Users/HP/Downloads/TP3_Groupe17_GUEBEDIANG_Kadidja_RIRADJIM_Trésor/data_unzipped/NGA_2015_GHSP-W3_v02_M_Stata/sectc2a_plantingw3.dta
sectc2b_plantingw3.dta,/Users/HP/Downloads/TP3_Groupe17_GUEBEDIANG_Kadidja_RIRADJIM_Trésor/data_unzipped/NGA_2015_GHSP-W3_v02_M_Stata/sectc2b_plantingw3.dta
sectc3_harvestw1.dta,/Users/HP/Downloads/TP3_Groupe17_GUEBEDIANG_Kadidja_RIRADJIM_Trésor/data_unzipped/NGA_2010_GHSP-W1_v03_M_STATA/Post Harvest Wave 1/Community/sectc3_harvestw1.dta
sectc3_harvestw2.dta,/Users/HP/Downloads/TP3_Groupe17_GUEBEDIANG_Kadidja_RIRADJIM_Trésor/data_unzipped/NGA_2012_GHSP-W2_v02_M_STATA/Post Harvest Wave 2/Community/sectc3_harvestw2.dta
sectc3_harvestw3.dta,/Users/HP/Downloads/TP3_Groupe17_GUEBEDIANG_Kadidja_RIRADJIM_Trésor/data_unzipped/NGA_2015_GHSP-W3_v02_M_Stata/sectc3_harvestw3.dta
sectc3_harvestw4.dta,/Users/HP/Downloads/TP3_Groupe17_GUEBEDIANG_Kadidja_RIRADJIM_Trésor/data_unzipped/NGA_2018_GHSP-W4_v03_M_Stata12/sectc3_harvestw4.dta
sectc3a_plantingw1.dta,/Users/HP/Downloads/TP3_Groupe17_GUEBEDIANG_Kadidja_RIRADJIM_Trésor/data_unzipped/NGA_2010_GHSP-W1_v03_M_STATA/Post Planting Wave 1/Community/sectc3a_plantingw1.dta
sectc3a_plantingw2.dta,/Users/HP/Downloads/TP3_Groupe17_GUEBEDIANG_Kadidja_RIRADJIM_Trésor/data_unzipped/NGA_2012_GHSP-W2_v02_M_STATA/Post Planting Wave 2/Community/sectc3a_plantingw2.dta
sectc3a_plantingw3.dta,/Users/HP/Downloads/TP3_Groupe17_GUEBEDIANG_Kadidja_RIRADJIM_Trésor/data_unzipped/NGA_2015_GHSP-W3_v02_M_Stata/sectc3a_plantingw3.dta
sectc3a_plantingw4.dta,/Users/HP/Downloads/TP3_Groupe17_GUEBEDIANG_Kadidja_RIRADJIM_Trésor/data_unzipped/NGA_2018_GHSP-W4_v03_M_Stata12/sectc3a_plantingw4.dta
sectc3b_plantingw1.dta,/Users/HP/Downloads/TP3_Groupe17_GUEBEDIANG_Kadidja_RIRADJIM_Trésor/data_unzipped/NGA_2010_GHSP-W1_v03_M_STATA/Post Planting Wave 1/Community/sectc3b_plantingw1.dta
sectc3b_plantingw2.dta,/Users/HP/Downloads/TP3_Groupe17_GUEBEDIANG_Kadidja_RIRADJIM_Trésor/data_unzipped/NGA_2012_GHSP-W2_v02_M_STATA/Post Planting Wave 2/Community/sectc3b_plantingw2.dta
sectc3b_plantingw3.dta,/Users/HP/Downloads/TP3_Groupe17_GUEBEDIANG_Kadidja_RIRADJIM_Trésor/data_unzipped/NGA_2015_GHSP-W3_v02_M_Stata/sectc3b_plantingw3.dta
sectc3b_plantingw4.dta,/Users/HP/Downloads/TP3_Groupe17_GUEBEDIANG_Kadidja_RIRADJIM_Trésor/data_unzipped/NGA_2018_GHSP-W4_v03_M_Stata12/sectc3b_plantingw4.dta
sectc3c_plantingw1.dta,/Users/HP/Downloads/TP3_Groupe17_GUEBEDIANG_Kadidja_RIRADJIM_Trésor/data_unzipped/NGA_2010_GHSP-W1_v03_M_STATA/Post Planting Wave 1/Community/sectc3c_plantingw1.dta
sectc3c_plantingw2.dta,/Users/HP/Downloads/TP3_Groupe17_GUEBEDIANG_Kadidja_RIRADJIM_Trésor/data_unzipped/NGA_2012_GHSP-W2_v02_M_STATA/Post Planting Wave 2/Community/sectc3c_plantingw2.dta
sectc4_harvestw1.dta,/Users/HP/Downloads/TP3_Groupe17_GUEBEDIANG_Kadidja_RIRADJIM_Trésor/data_unzipped/NGA_2010_GHSP-W1_v03_M_STATA/Post Harvest Wave 1/Community/sectc4_harvestw1.dta
sectc4_harvestw2.dta,/Users/HP/Downloads/TP3_Groupe17_GUEBEDIANG_Kadidja_RIRADJIM_Trésor/data_unzipped/NGA_2012_GHSP-W2_v02_M_STATA/Post Harvest Wave 2/Community/sectc4_harvestw2.dta
sectc4_harvestw3.dta,/Users/HP/Downloads/TP3_Groupe17_GUEBEDIANG_Kadidja_RIRADJIM_Trésor/data_unzipped/NGA_2015_GHSP-W3_v02_M_Stata/sectc4_harvestw3.dta
sectc4_harvestw4.dta,/Users/HP/Downloads/TP3_Groupe17_GUEBEDIANG_Kadidja_RIRADJIM_Trésor/data_unzipped/NGA_2018_GHSP-W4_v03_M_Stata12/sectc4_harvestw4.dta
sectc4a_plantingw1.dta,/Users/HP/Downloads/TP3_Groupe17_GUEBEDIANG_Kadidja_RIRADJIM_Trésor/data_unzipped/NGA_2010_GHSP-W1_v03_M_STATA/Post Planting Wave 1/Community/sectc4a_plantingw1.dta
sectc4a_plantingw2.dta,/Users/HP/Downloads/TP3_Groupe17_GUEBEDIANG_Kadidja_RIRADJIM_Trésor/data_unzipped/NGA_2012_GHSP-W2_v02_M_STATA/Post Planting Wave 2/Community/sectc4a_plantingw2.dta
sectc4a_plantingw3.dta,/Users/HP/Downloads/TP3_Groupe17_GUEBEDIANG_Kadidja_RIRADJIM_Trésor/data_unzipped/NGA_2015_GHSP-W3_v02_M_Stata/sectc4a_plantingw3.dta
sectc4a_plantingw4.dta,/Users/HP/Downloads/TP3_Groupe17_GUEBEDIANG_Kadidja_RIRADJIM_Trésor/data_unzipped/NGA_2018_GHSP-W4_v03_M_Stata12/sectc4a_plantingw4.dta
sectc4b_plantingw1.dta,/Users/HP/Downloads/TP3_Groupe17_GUEBEDIANG_Kadidja_RIRADJIM_Trésor/data_unzipped/NGA_2010_GHSP-W1_v03_M_STATA/Post Planting Wave 1/Community/sectc4b_plantingw1.dta
sectc4b_plantingw2.dta,/Users/HP/Downloads/TP3_Groupe17_GUEBEDIANG_Kadidja_RIRADJIM_Trésor/data_unzipped/NGA_2012_GHSP-W2_v02_M_STATA/Post Planting Wave 2/Community/sectc4b_plantingw2.dta
sectc4b_plantingw3.dta,/Users/HP/Downloads/TP3_Groupe17_GUEBEDIANG_Kadidja_RIRADJIM_Trésor/data_unzipped/NGA_2015_GHSP-W3_v02_M_Stata/sectc4b_plantingw3.dta
sectc4b_plantingw4.dta,/Users/HP/Downloads/TP3_Groupe17_GUEBEDIANG_Kadidja_RIRADJIM_Trésor/data_unzipped/NGA_2018_GHSP-W4_v03_M_Stata12/sectc4b_plantingw4.dta
sectc4c_plantingw4.dta,/Users/HP/Downloads/TP3_Groupe17_GUEBEDIANG_Kadidja_RIRADJIM_Trésor/data_unzipped/NGA_2018_GHSP-W4_v03_M_Stata12/sectc4c_plantingw4.dta
sectc5_harvestw1.dta,/Users/HP/Downloads/TP3_Groupe17_GUEBEDIANG_Kadidja_RIRADJIM_Trésor/data_unzipped/NGA_2010_GHSP-W1_v03_M_STATA/Post Harvest Wave 1/Community/sectc5_harvestw1.dta
sectc5_harvestw2.dta,/Users/HP/Downloads/TP3_Groupe17_GUEBEDIANG_Kadidja_RIRADJIM_Trésor/data_unzipped/NGA_2012_GHSP-W2_v02_M_STATA/Post Harvest Wave 2/Community/sectc5_harvestw2.dta
sectc5_harvestw3.dta,/Users/HP/Downloads/TP3_Groupe17_GUEBEDIANG_Kadidja_RIRADJIM_Trésor/data_unzipped/NGA_2015_GHSP-W3_v02_M_Stata/sectc5_harvestw3.dta
sectc5_harvestw4.dta,/Users/HP/Downloads/TP3_Groupe17_GUEBEDIANG_Kadidja_RIRADJIM_Trésor/data_unzipped/NGA_2018_GHSP-W4_v03_M_Stata12/sectc5_harvestw4.dta
sectc6_harvestw1.dta,/Users/HP/Downloads/TP3_Groupe17_GUEBEDIANG_Kadidja_RIRADJIM_Trésor/data_unzipped/NGA_2010_GHSP-W1_v03_M_STATA/Post Harvest Wave 1/Community/sectc6_harvestw1.dta
sectc6_harvestw2.dta,/Users/HP/Downloads/TP3_Groupe17_GUEBEDIANG_Kadidja_RIRADJIM_Trésor/data_unzipped/NGA_2012_GHSP-W2_v02_M_STATA/Post Harvest Wave 2/Community/sectc6_harvestw2.dta
sectc6_harvestw3.dta,/Users/HP/Downloads/TP3_Groupe17_GUEBEDIANG_Kadidja_RIRADJIM_Trésor/data_unzipped/NGA_2015_GHSP-W3_v02_M_Stata/sectc6_harvestw3.dta
sectc6_harvestw4.dta,/Users/HP/Downloads/TP3_Groupe17_GUEBEDIANG_Kadidja_RIRADJIM_Trésor/data_unzipped/NGA_2018_GHSP-W4_v03_M_Stata12/sectc6_harvestw4.dta
sectc6a1_harvestw3.dta,/Users/HP/Downloads/TP3_Groupe17_GUEBEDIANG_Kadidja_RIRADJIM_Trésor/data_unzipped/NGA_2015_GHSP-W3_v02_M_Stata/sectc6a1_harvestw3.dta
sectc6a2_harvestw3.dta,/Users/HP/Downloads/TP3_Groupe17_GUEBEDIANG_Kadidja_RIRADJIM_Trésor/data_unzipped/NGA_2015_GHSP-W3_v02_M_Stata/sectc6a2_harvestw3.dta
sectc6a3_harvestw3.dta,/Users/HP/Downloads/TP3_Groupe17_GUEBEDIANG_Kadidja_RIRADJIM_Trésor/data_unzipped/NGA_2015_GHSP-W3_v02_M_Stata/sectc6a3_harvestw3.dta
sectc7_harvestw1.dta,/Users/HP/Downloads/TP3_Groupe17_GUEBEDIANG_Kadidja_RIRADJIM_Trésor/data_unzipped/NGA_2010_GHSP-W1_v03_M_STATA/Post Harvest Wave 1/Community/sectc7_harvestw1.dta
sectc7_harvestw2.dta,/Users/HP/Downloads/TP3_Groupe17_GUEBEDIANG_Kadidja_RIRADJIM_Trésor/data_unzipped/NGA_2012_GHSP-W2_v02_M_STATA/Post Harvest Wave 2/Community/sectc7_harvestw2.dta
sectc7_harvestw3.dta,/Users/HP/Downloads/TP3_Groupe17_GUEBEDIANG_Kadidja_RIRADJIM_Trésor/data_unzipped/NGA_2015_GHSP-W3_v02_M_Stata/sectc7_harvestw3.dta
sectc7_harvestw4.dta,/Users/HP/Downloads/TP3_Groupe17_GUEBEDIANG_Kadidja_RIRADJIM_Trésor/data_unzipped/NGA_2018_GHSP-W4_v03_M_Stata12/sectc7_harvestw4.dta
sectc8_harvestw1.dta,/Users/HP/Downloads/TP3_Groupe17_GUEBEDIANG_Kadidja_RIRADJIM_Trésor/data_unzipped/NGA_2010_GHSP-W1_v03_M_STATA/Post Harvest Wave 1/Community/sectc8_harvestw1.dta
sectc8_harvestw2.dta,/Users/HP/Downloads/TP3_Groupe17_GUEBEDIANG_Kadidja_RIRADJIM_Trésor/data_unzipped/NGA_2012_GHSP-W2_v02_M_STATA/Post Harvest Wave 2/Community/sectc8_harvestw2.dta
sectc8_harvestw4.dta,/Users/HP/Downloads/TP3_Groupe17_GUEBEDIANG_Kadidja_RIRADJIM_Trésor/data_unzipped/NGA_2018_GHSP-W4_v03_M_Stata12/sectc8_harvestw4.dta
sectc8a_harvestw3.dta,/Users/HP/Downloads/TP3_Groupe17_GUEBEDIANG_Kadidja_RIRADJIM_Trésor/data_unzipped/NGA_2015_GHSP-W3_v02_M_Stata/sectc8a_harvestw3.dta
sectc8b_harvestw3.dta,/Users/HP/Downloads/TP3_Groupe17_GUEBEDIANG_Kadidja_RIRADJIM_Trésor/data_unzipped/NGA_2015_GHSP-W3_v02_M_Stata/sectc8b_harvestw3.dta
sectc9a_harvestw4.dta,/Users/HP/Downloads/TP3_Groupe17_GUEBEDIANG_Kadidja_RIRADJIM_Trésor/data_unzipped/NGA_2018_GHSP-W4_v03_M_Stata12/sectc9a_harvestw4.dta
sectc9b_harvestw4.dta,/Users/HP/Downloads/TP3_Groupe17_GUEBEDIANG_Kadidja_RIRADJIM_Trésor/data_unzipped/NGA_2018_GHSP-W4_v03_M_Stata12/sectc9b_harvestw4.dta
sectc_harvestw1.dta,/Users/HP/Downloads/TP3_Groupe17_GUEBEDIANG_Kadidja_RIRADJIM_Trésor/data_unzipped/NGA_2010_GHSP-W1_v03_M_STATA/Post Harvest Wave 1/Community/sectc_harvestw1.dta
sectc_harvestw2.dta,/Users/HP/Downloads/TP3_Groupe17_GUEBEDIANG_Kadidja_RIRADJIM_Trésor/data_unzipped/NGA_2012_GHSP-W2_v02_M_STATA/Post Harvest Wave 2/Community/sectc_harvestw2.dta
sectc_harvestw3.dta,/Users/HP/Downloads/TP3_Groupe17_GUEBEDIANG_Kadidja_RIRADJIM_Trésor/data_unzipped/NGA_2015_GHSP-W3_v02_M_Stata/sectc_harvestw3.dta
sectc_harvestw4.dta,/Users/HP/Downloads/TP3_Groupe17_GUEBEDIANG_Kadidja_RIRADJIM_Trésor/data_unzipped/NGA_2018_GHSP-W4_v03_M_Stata12/sectc_harvestw4.dta
sectc_plantingw1.dta,/Users/HP/Downloads/TP3_Groupe17_GUEBEDIANG_Kadidja_RIRADJIM_Trésor/data_unzipped/NGA_2010_GHSP-W1_v03_M_STATA/Post Planting Wave 1/Community/sectc_plantingw1.dta
sectc_plantingw2.dta,/Users/HP/Downloads/TP3_Groupe17_GUEBEDIANG_Kadidja_RIRADJIM_Trésor/data_unzipped/NGA_2012_GHSP-W2_v02_M_STATA/Post Planting Wave 2/Community/sectc_plantingw2.dta
sectc_plantingw3.dta,/Users/HP/Downloads/TP3_Groupe17_GUEBEDIANG_Kadidja_RIRADJIM_Trésor/data_unzipped/NGA_2015_GHSP-W3_v02_M_Stata/sectc_plantingw3.dta
sectc_plantingw4.dta,/Users/HP/Downloads/TP3_Groupe17_GUEBEDIANG_Kadidja_RIRADJIM_Trésor/data_unzipped/NGA_2018_GHSP-W4_v03_M_Stata12/sectc_plantingw4.dta
totcons_final.dta,/Users/HP/Downloads/TP3_Groupe17_GUEBEDIANG_Kadidja_RIRADJIM_Trésor/data_unzipped/NGA_2018_GHSP-W4_v03_M_Stata12/totcons_final.dta
w1agnsconversion.dta,/Users/HP/Downloads/TP3_Groupe17_GUEBEDIANG_Kadidja_RIRADJIM_Trésor/data_unzipped/NGA_2010_GHSP-W1_v03_M_STATA/w1agnsconversion.dta
w2agnsconversion.dta,/Users/HP/Downloads/TP3_Groupe17_GUEBEDIANG_Kadidja_RIRADJIM_Trésor/data_unzipped/NGA_2012_GHSP-W2_v02_M_STATA/w2agnsconversion.dta
